run_id,split,site,plot_name,prediction_id,point_count,modal_predicted_semantic,best_reference_id,best_iou,reference_tree_point_fraction,failure_mode
sat_for_quicktune_to49_20260706_140730,trained_validation,CULS,plot_1_annotated,1,51107,2.0,1102,0.0,0.0,background_confusion
sat_for_quicktune_to49_20260706_140730,trained_validation,CULS,plot_1_annotated,5,4422,2.0,1102,0.0,0.0,background_confusion
sat_for_quicktune_to49_20260706_140730,trained_validation,NIBIO,plot_11_annotated,1,12313,2.0,2,0.0,0.0,background_confusion
sat_for_quicktune_to49_20260706_140730,trained_validation,NIBIO,plot_11_annotated,3,47411,2.0,19,0.02749410840534171,0.14568349117293455,background_confusion
sat_for_quicktune_to49_20260706_140730,trained_validation,NIBIO,plot_11_annotated,4,107044,2.0,2,0.0,0.0,background_confusion
sat_for_quicktune_to49_20260706_140730,trained_validation,NIBIO,plot_11_annotated,5,224039,2.0,2,0.0,0.0,background_confusion
sat_for_quicktune_to49_20260706_140730,trained_validation,NIBIO,plot_11_annotated,6,71589,2.0,2,0.0,0.0,background_confusion
sat_for_quicktune_to49_20260706_140730,trained_validation,NIBIO,plot_11_annotated,7,145567,2.0,3,0.007148908732390142,0.017950497021989874,background_confusion
sat_for_quicktune_to49_20260706_140730,trained_validation,NIBIO,plot_11_annotated,10,128730,2.0,2,0.01844276189399932,0.06170278878272353,background_confusion
sat_for_quicktune_to49_20260706_140730,trained_validation,NIBIO,plot_11_annotated,11,1025,2.0,2,0.0,0.0,background_confusion
sat_for_quicktune_to49_20260706_140730,trained_validation,NIBIO,plot_11_annotated,13,98993,2.0,6,8.732007698137987e-05,0.00025254310910872486,background_confusion
sat_for_quicktune_to49_20260706_140730,trained_validation,NIBIO,plot_11_annotated,15,162105,2.0,6,0.0009595966829463914,0.0020665617963665527,background_confusion
sat_for_quicktune_to49_20260706_140730,trained_validation,NIBIO,plot_11_annotated,16,4491,2.0,2,0.0,0.0,background_confusion
sat_for_quicktune_to49_20260706_140730,trained_validation,NIBIO,plot_11_annotated,17,12555,2.0,2,0.0,0.0,background_confusion
sat_for_quicktune_to49_20260706_140730,trained_validation,NIBIO,plot_11_annotated,20,13687,2.0,18,0.42111411257939696,0.9942280996566084,near_miss
sat_for_quicktune_to49_20260706_140730,trained_validation,NIBIO,plot_11_annotated,30,115715,2.0,20,0.0005827526285303049,0.0014345590459318152,background_confusion
sat_for_quicktune_to49_20260706_140730,trained_validation,NIBIO,plot_11_annotated,31,28313,2.0,2,0.0,0.0,background_confusion
sat_for_quicktune_to49_20260706_140730,trained_validation,NIBIO,plot_11_annotated,33,19091,2.0,20,0.007734647046552305,0.0806662825415117,background_confusion
sat_for_quicktune_to49_20260706_140730,trained_validation,NIBIO,plot_11_annotated,34,130139,2.0,24,0.00012729205252070088,0.0001613659241272793,background_confusion
sat_for_quicktune_to49_20260706_140730,trained_validation,NIBIO,plot_11_annotated,38,74150,2.0,20,0.0017034092872836794,0.005583277140930546,background_confusion
sat_for_quicktune_to49_20260706_140730,trained_validation,NIBIO,plot_11_annotated,44,1106,2.0,2,0.0,0.0,background_confusion
sat_for_quicktune_to49_20260706_140730,trained_validation,NIBIO,plot_11_annotated,45,12623,2.0,9,0.0009065119552929634,0.013467479996831181,background_confusion
sat_for_quicktune_to49_20260706_140730,trained_validation,NIBIO,plot_11_annotated,47,1464,2.0,2,0.0,0.0,background_confusion
sat_for_quicktune_to49_20260706_140730,trained_validation,NIBIO,plot_11_annotated,48,6990,2.0,9,0.0011932780502826475,0.031044349070100143,background_confusion
sat_for_quicktune_to49_20260706_140730,trained_validation,NIBIO,plot_11_annotated,50,193625,2.0,2,0.0,0.0,background_confusion
sat_for_quicktune_to49_20260706_140730,trained_validation,NIBIO,plot_11_annotated,51,121316,2.0,9,2.024366626291799e-05,4.945761482409575e-05,background_confusion
sat_for_quicktune_to49_20260706_140730,trained_validation,NIBIO,plot_11_annotated,52,138240,2.0,2,0.0,0.0,background_confusion
sat_for_quicktune_to49_20260706_140730,trained_validation,NIBIO,plot_11_annotated,53,174479,2.0,9,4.005218227175978e-05,0.00011462697516606583,background_confusion
sat_for_quicktune_to49_20260706_140730,trained_validation,NIBIO,plot_11_annotated,55,19695,2.0,2,0.0,0.0,background_confusion
sat_for_quicktune_to49_20260706_140730,trained_validation,NIBIO,plot_11_annotated,56,97925,2.0,2,0.0,0.0,background_confusion
sat_for_quicktune_to49_20260706_140730,trained_validation,NIBIO,plot_11_annotated,57,62335,2.0,2,0.0,0.0,background_confusion
sat_for_quicktune_to49_20260706_140730,trained_validation,NIBIO,plot_11_annotated,58,37038,2.0,2,0.0,0.0,background_confusion
sat_for_quicktune_to49_20260706_140730,trained_validation,NIBIO,plot_19_annotated,1,129285,2.0,2,0.0,0.0,background_confusion
sat_for_quicktune_to49_20260706_140730,trained_validation,NIBIO,plot_19_annotated,2,15517,2.0,2,0.0,0.0,background_confusion
sat_for_quicktune_to49_20260706_140730,trained_validation,NIBIO,plot_19_annotated,3,32231,2.0,2,0.0,0.0,background_confusion
sat_for_quicktune_to49_20260706_140730,trained_validation,NIBIO,plot_19_annotated,4,49884,2.0,2,0.0,0.0,background_confusion
sat_for_quicktune_to49_20260706_140730,trained_validation,NIBIO,plot_19_annotated,5,34980,2.0,2,0.0,0.0,background_confusion
sat_for_quicktune_to49_20260706_140730,trained_validation,NIBIO,plot_19_annotated,6,179703,2.0,2,0.0,0.0,background_confusion
sat_for_quicktune_to49_20260706_140730,trained_validation,NIBIO,plot_19_annotated,7,86354,2.0,34,0.020039529025231838,0.06524306922667161,background_confusion
sat_for_quicktune_to49_20260706_140730,trained_validation,NIBIO,plot_19_annotated,8,55247,2.0,2,0.0,0.0,background_confusion
sat_for_quicktune_to49_20260706_140730,trained_validation,NIBIO,plot_19_annotated,9,111639,2.0,2,0.0,0.0,background_confusion
sat_for_quicktune_to49_20260706_140730,trained_validation,NIBIO,plot_19_annotated,10,300266,2.0,29,0.008732504622693715,0.013091725336867976,background_confusion
sat_for_quicktune_to49_20260706_140730,trained_validation,NIBIO,plot_19_annotated,11,4642,2.0,2,0.0,0.0,background_confusion
sat_for_quicktune_to49_20260706_140730,trained_validation,NIBIO,plot_19_annotated,12,149739,2.0,34,0.00048037914803000613,0.0010952390492790789,background_confusion
sat_for_quicktune_to49_20260706_140730,trained_validation,NIBIO,plot_19_annotated,14,51787,2.0,33,0.0015656418364057775,0.007318438990480236,background_confusion
sat_for_quicktune_to49_20260706_140730,trained_validation,NIBIO,plot_19_annotated,16,176729,2.0,14,0.006284264963544905,0.010066259640466478,background_confusion
sat_for_quicktune_to49_20260706_140730,trained_validation,NIBIO,plot_19_annotated,17,114420,2.0,14,0.001417367476140981,0.00275301520713162,background_confusion
sat_for_quicktune_to49_20260706_140730,trained_validation,NIBIO,plot_19_annotated,18,85882,2.0,12,0.008221102206064613,0.021820637619058707,background_confusion
sat_for_quicktune_to49_20260706_140730,trained_validation,NIBIO,plot_19_annotated,23,62580,2.0,2,0.0,0.0,background_confusion
sat_for_quicktune_to49_20260706_140730,trained_validation,NIBIO,plot_19_annotated,27,119907,2.0,7,0.4855110622077259,0.9991826999257758,near_miss
sat_for_quicktune_to49_20260706_140730,trained_validation,NIBIO,plot_19_annotated,28,61757,2.0,2,0.0,0.0,background_confusion
sat_for_quicktune_to49_20260706_140730,trained_validation,NIBIO,plot_19_annotated,35,282722,2.0,29,0.0025034433979823547,0.004859897708703249,background_confusion
sat_for_quicktune_to49_20260706_140730,trained_validation,NIBIO,plot_19_annotated,36,54902,2.0,2,0.0,0.0,background_confusion
sat_for_quicktune_to49_20260706_140730,trained_validation,NIBIO,plot_19_annotated,38,116424,2.0,2,0.0,0.0,background_confusion
sat_for_quicktune_to49_20260706_140730,trained_validation,NIBIO,plot_19_annotated,39,157401,2.0,15,0.012797884334988165,0.02121333409571731,background_confusion
sat_for_quicktune_to49_20260706_140730,trained_validation,NIBIO,plot_19_annotated,40,13934,2.0,2,0.0,0.0,background_confusion
sat_for_quicktune_to49_20260706_140730,trained_validation,NIBIO,plot_19_annotated,42,43576,2.0,21,0.38830584707646176,0.6635303836974481,near_miss
sat_for_quicktune_to49_20260706_140730,trained_validation,NIBIO,plot_19_annotated,43,2604,2.0,2,0.0,0.0,background_confusion
sat_for_quicktune_to49_20260706_140730,trained_validation,NIBIO,plot_19_annotated,47,107073,2.0,4,4.052799876794884e-06,9.339422636892587e-06,background_confusion
sat_for_quicktune_to49_20260706_140730,trained_validation,NIBIO,plot_19_annotated,52,220468,2.0,24,0.018305102679634252,0.019939401636518677,background_confusion
sat_for_quicktune_to49_20260706_140730,trained_validation,NIBIO,plot_19_annotated,53,101985,2.0,21,0.005029131160069356,0.008707162818061479,background_confusion
sat_for_quicktune_to49_20260706_140730,trained_validation,NIBIO,plot_19_annotated,54,130067,2.0,23,0.021479713603818614,0.040863554937070896,background_confusion
sat_for_quicktune_to49_20260706_140730,trained_validation,NIBIO,plot_19_annotated,56,87537,2.0,2,0.0,0.0,background_confusion
sat_for_quicktune_to49_20260706_140730,trained_validation,NIBIO,plot_19_annotated,57,122243,2.0,2,0.0,0.0,background_confusion
sat_for_quicktune_to49_20260706_140730,trained_validation,NIBIO,plot_19_annotated,58,8204,2.0,2,0.0,0.0,background_confusion
sat_for_quicktune_to49_20260706_140730,trained_validation,NIBIO,plot_19_annotated,59,70602,2.0,19,6.5821518370785775e-06,1.4163904705249143e-05,background_confusion
sat_for_quicktune_to49_20260706_140730,trained_validation,NIBIO,plot_19_annotated,60,25266,2.0,2,0.0,0.0,background_confusion
sat_for_quicktune_to49_20260706_140730,trained_validation,NIBIO,plot_19_annotated,61,17999,2.0,2,0.0,0.0,background_confusion
sat_for_quicktune_to49_20260706_140730,trained_validation,NIBIO,plot_19_annotated,62,72273,2.0,2,0.0,0.0,background_confusion
sat_for_quicktune_to49_20260706_140730,trained_validation,NIBIO,plot_19_annotated,63,35837,2.0,21,0.006813088301210219,0.01060356614671987,background_confusion
sat_for_quicktune_to49_20260706_140730,trained_validation,NIBIO,plot_19_annotated,64,12533,2.0,2,0.0,0.0,background_confusion
sat_for_quicktune_to49_20260706_140730,trained_validation,NIBIO,plot_19_annotated,65,149078,2.0,23,0.00022537488002673413,0.00038905807697983604,background_confusion
sat_for_quicktune_to49_20260706_140730,trained_validation,NIBIO,plot_19_annotated,66,10049,2.0,2,0.0,0.0,background_confusion
sat_for_quicktune_to49_20260706_140730,trained_validation,NIBIO,plot_2_annotated,2,233742,2.0,36,0.00021782879956824382,0.00028664082621009487,background_confusion
sat_for_quicktune_to49_20260706_140730,trained_validation,NIBIO,plot_2_annotated,3,134673,2.0,37,0.010683171592412881,0.011732121509136946,background_confusion
sat_for_quicktune_to49_20260706_140730,trained_validation,NIBIO,plot_2_annotated,6,130150,2.0,2,0.0,0.0,background_confusion
sat_for_quicktune_to49_20260706_140730,trained_validation,NIBIO,plot_2_annotated,7,103356,2.0,8,0.0040670319311403745,0.012781067378768529,background_confusion
sat_for_quicktune_to49_20260706_140730,trained_validation,NIBIO,plot_2_annotated,8,34677,2.0,13,0.03286292033145734,0.1588084321019696,background_confusion
sat_for_quicktune_to49_20260706_140730,trained_validation,NIBIO,plot_2_annotated,10,181096,2.0,2,0.00024453531497507097,0.0004969739806511464,background_confusion
sat_for_quicktune_to49_20260706_140730,trained_validation,NIBIO,plot_2_annotated,11,97422,2.0,2,0.0,0.0,background_confusion
sat_for_quicktune_to49_20260706_140730,trained_validation,NIBIO,plot_2_annotated,18,33417,2.0,8,0.0047065481656011965,0.024388784151779034,background_confusion
sat_for_quicktune_to49_20260706_140730,trained_validation,NIBIO,plot_2_annotated,19,9769,2.0,2,0.0,0.0,background_confusion
sat_for_quicktune_to49_20260706_140730,trained_validation,NIBIO,plot_2_annotated,26,27186,2.0,2,0.0,0.0,background_confusion
sat_for_quicktune_to49_20260706_140730,trained_validation,NIBIO,plot_2_annotated,27,129574,2.0,31,0.005096721881153713,0.00679148594625465,background_confusion
sat_for_quicktune_to49_20260706_140730,trained_validation,NIBIO,plot_2_annotated,28,17868,2.0,32,0.04831199599070573,0.6314640698455339,large_extra_instance
sat_for_quicktune_to49_20260706_140730,trained_validation,NIBIO,plot_2_annotated,29,1817,2.0,2,0.0,0.0,background_confusion
sat_for_quicktune_to49_20260706_140730,trained_validation,NIBIO,plot_2_annotated,35,134905,2.0,3,0.00018049408293310733,0.0005188836588710574,background_confusion
sat_for_quicktune_to49_20260706_140730,trained_validation,NIBIO,plot_2_annotated,40,130902,2.0,22,0.0031454259163460193,0.006837175902583612,background_confusion
sat_for_quicktune_to49_20260706_140730,trained_validation,NIBIO,plot_2_annotated,42,5777,2.0,5,8.770621924800688e-06,0.00017310022503029253,background_confusion
sat_for_quicktune_to49_20260706_140730,trained_validation,NIBIO,plot_2_annotated,43,65701,2.0,17,0.017140904572564612,0.08849180377772028,background_confusion
sat_for_quicktune_to49_20260706_140730,trained_validation,NIBIO,plot_2_annotated,44,19923,2.0,21,0.0006091193873999304,0.001756763539627566,background_confusion
sat_for_quicktune_to49_20260706_140730,trained_validation,NIBIO,plot_2_annotated,45,7928,2.0,5,0.0014137321667169519,0.020686175580221997,background_confusion
sat_for_quicktune_to49_20260706_140730,trained_validation,NIBIO,plot_2_annotated,46,8525,2.0,2,0.0,0.0,background_confusion
sat_for_quicktune_to49_20260706_140730,trained_validation,NIBIO,plot_2_annotated,47,24334,2.0,2,0.0,0.0,background_confusion
sat_for_quicktune_to49_20260706_140730,trained_validation,NIBIO,plot_2_annotated,48,267,2.0,2,0.0,0.0,background_confusion
sat_for_quicktune_to49_20260706_140730,trained_validation,TUWIEN,train,1,20217,2.0,2,0.0,0.0,background_confusion
sat_for_quicktune_to49_20260706_140730,trained_validation,TUWIEN,train,2,57059,2.0,2,0.0,0.0,background_confusion
sat_for_quicktune_to49_20260706_140730,trained_validation,TUWIEN,train,3,12297,2.0,2,0.0,0.0,background_confusion
sat_for_quicktune_to49_20260706_140730,trained_validation,TUWIEN,train,4,8446,2.0,37,0.02805803982563494,0.9979872128818376,large_extra_instance
sat_for_quicktune_to49_20260706_140730,trained_validation,TUWIEN,train,5,191737,2.0,33,0.4810890788274304,1.0,near_miss
sat_for_quicktune_to49_20260706_140730,trained_validation,TUWIEN,train,6,46353,2.0,37,0.0294411223062617,0.20934998813453282,background_confusion
sat_for_quicktune_to49_20260706_140730,trained_validation,TUWIEN,train,7,63374,2.0,37,0.008387856285798374,0.04676996875690346,background_confusion
sat_for_quicktune_to49_20260706_140730,trained_validation,TUWIEN,train,8,24939,2.0,36,0.07145420944436699,0.9658767392437547,large_extra_instance
sat_for_quicktune_to49_20260706_140730,trained_validation,TUWIEN,train,9,119434,2.0,34,0.1854262282747724,0.9997906793710334,large_extra_instance
sat_for_quicktune_to49_20260706_140730,trained_validation,TUWIEN,train,10,20992,2.0,36,0.06240892626670552,1.0,large_extra_instance
sat_for_quicktune_to49_20260706_140730,trained_validation,TUWIEN,train,11,110763,2.0,34,0.36264591439688715,0.9992235674367794,near_miss
sat_for_quicktune_to49_20260706_140730,trained_validation,TUWIEN,train,12,56748,2.0,34,0.19422434060338528,0.9999823782335941,large_extra_instance
sat_for_quicktune_to49_20260706_140730,trained_validation,TUWIEN,train,13,73643,2.0,36,0.2101672197357078,1.0,large_extra_instance
sat_for_quicktune_to49_20260706_140730,trained_validation,TUWIEN,train,14,86979,2.0,35,0.1656170903844991,0.9996550891594523,large_extra_instance
sat_for_quicktune_to49_20260706_140730,trained_validation,TUWIEN,train,16,11295,2.0,37,0.03669718518619477,0.953519256308101,large_extra_instance
sat_for_quicktune_to49_20260706_140730,trained_validation,TUWIEN,train,17,115502,2.0,37,0.1400103266861106,0.9872729476545861,large_extra_instance
sat_for_quicktune_to49_20260706_140730,trained_validation,TUWIEN,train,18,37742,2.0,35,0.20634807807972005,1.0,large_extra_instance
sat_for_quicktune_to49_20260706_140730,trained_validation,TUWIEN,train,19,9240,2.0,37,0.0266272591384699,1.0,large_extra_instance
sat_for_quicktune_to49_20260706_140730,trained_validation,TUWIEN,train,20,59862,2.0,2,0.44750388624143117,0.8035648658581404,near_miss
sat_for_quicktune_to49_20260706_140730,trained_validation,TUWIEN,train,21,92735,2.0,3,0.30006814098990275,0.9444222785356122,near_miss
sat_for_quicktune_to49_20260706_140730,trained_validation,TUWIEN,train,22,58910,2.0,2,0.0,0.0,background_confusion
sat_for_quicktune_to49_20260706_140730,trained_validation,TUWIEN,train,23,148894,2.0,11,0.24925564480259543,0.9071084126962806,large_extra_instance
sat_for_quicktune_to49_20260706_140730,trained_validation,TUWIEN,train,24,12020,2.0,2,0.0,0.0,background_confusion
sat_for_quicktune_to49_20260706_140730,trained_validation,TUWIEN,train,25,89057,2.0,11,0.1663831985812632,0.9937231211471305,large_extra_instance
sat_for_quicktune_to49_20260706_140730,trained_validation,TUWIEN,train,26,2125,2.0,2,0.03237609491074399,0.8569411764705882,small_extra_instance
sat_for_quicktune_to49_20260706_140730,trained_validation,TUWIEN,train,27,21477,2.0,33,0.07041278049681411,1.0,large_extra_instance
sat_for_quicktune_to49_20260706_140730,trained_validation,TUWIEN,train,28,1311,2.0,2,0.0003270705382127412,0.013729977116704805,background_confusion
sat_for_quicktune_to49_20260706_140730,trained_validation,TUWIEN,train,29,43459,2.0,11,0.08175305152852648,0.9998849490324213,large_extra_instance
sat_for_quicktune_to49_20260706_140730,trained_validation,TUWIEN,train,30,9232,2.0,11,0.028096316314854042,1.0,large_extra_instance
sat_for_quicktune_to49_20260706_140730,trained_validation,TUWIEN,train,31,65074,2.0,37,0.18581520821120198,0.9992009097335341,large_extra_instance
sat_for_quicktune_to49_20260706_140730,trained_validation,TUWIEN,train,32,18539,2.0,35,0.10136860465752076,1.0,large_extra_instance
sat_for_quicktune_to49_20260706_140730,trained_validation,TUWIEN,train,33,79323,2.0,32,0.18839436914095437,0.9999747866318722,large_extra_instance
sat_for_quicktune_to49_20260706_140730,trained_validation,TUWIEN,train,34,8577,2.0,2,0.0,0.0,background_confusion
sat_for_quicktune_to49_20260706_140730,trained_validation,TUWIEN,train,35,70215,2.0,2,0.0,0.0,background_confusion
sat_for_quicktune_to49_20260706_140730,trained_validation,TUWIEN,train,36,24619,2.0,8,0.07407096367835397,0.903611032129656,large_extra_instance
sat_for_quicktune_to49_20260706_140730,trained_validation,TUWIEN,train,37,96,2.0,2,0.0,0.0,background_confusion
sat_for_quicktune_to49_20260706_140730,trained_validation,TUWIEN,train,38,62261,2.0,11,0.08116070317146375,0.6050336486725237,large_extra_instance
sat_for_quicktune_to49_20260706_140730,trained_validation,TUWIEN,train,40,27617,2.0,11,0.08400233720229582,1.0,large_extra_instance
sat_for_quicktune_to49_20260706_140730,trained_validation,TUWIEN,train,41,121315,2.0,10,0.39676567185491934,0.9994147467337098,near_miss
sat_for_quicktune_to49_20260706_140730,trained_validation,TUWIEN,train,42,39093,2.0,19,0.4695547887561017,0.9985930985086844,near_miss
sat_for_quicktune_to49_20260706_140730,trained_validation,TUWIEN,train,43,72783,2.0,40,0.2458190610517832,0.983883599192119,large_extra_instance
sat_for_quicktune_to49_20260706_140730,trained_validation,TUWIEN,train,45,2851,2.0,32,0.006771408552733145,1.0,small_extra_instance
sat_for_quicktune_to49_20260706_140730,trained_validation,TUWIEN,train,46,11720,2.0,18,0.21038023868998057,0.999914675767918,large_extra_instance
sat_for_quicktune_to49_20260706_140730,trained_validation,TUWIEN,train,47,48084,2.0,23,0.039759557585958165,0.08597454454704268,background_confusion
sat_for_quicktune_to49_20260706_140730,trained_validation,TUWIEN,train,48,52948,2.0,32,0.12490981412215914,1.0,large_extra_instance
sat_for_quicktune_to49_20260706_140730,trained_validation,TUWIEN,train,49,31828,2.0,14,0.13743915419318348,1.0,large_extra_instance
sat_for_quicktune_to49_20260706_140730,trained_validation,TUWIEN,train,50,2346,2.0,2,0.0,0.0,background_confusion
sat_for_quicktune_to49_20260706_140730,trained_validation,TUWIEN,train,51,110696,2.0,8,0.005373934018549945,0.009096986340969863,background_confusion
sat_for_quicktune_to49_20260706_140730,trained_validation,TUWIEN,train,52,10377,2.0,8,0.11380335124881441,0.9867977257396164,large_extra_instance
sat_for_quicktune_to49_20260706_140730,trained_validation,TUWIEN,train,53,25366,2.0,47,0.07117479042333326,0.1730268863833478,background_confusion
sat_for_quicktune_to49_20260706_140730,trained_validation,TUWIEN,train,56,1444,2.0,11,0.002676615615515256,0.6121883656509696,small_extra_instance
sat_for_quicktune_to49_20260706_140730,trained_validation,TUWIEN,train,57,27427,2.0,14,0.12006907753819791,0.9998541583111532,large_extra_instance
sat_for_quicktune_to49_20260706_140730,trained_validation,TUWIEN,train,58,28,2.0,13,0.0005695108308756229,1.0,small_extra_instance
sat_for_quicktune_to49_20260706_140730,trained_validation,TUWIEN,train,59,4764,2.0,71,0.061904700027287964,1.0,small_extra_instance
sat_for_quicktune_to49_20260706_140730,trained_validation,TUWIEN,train,60,1773,2.0,2,0.0,0.0,background_confusion
sat_for_quicktune_to49_20260706_140730,trained_validation,TUWIEN,train,61,25428,2.0,76,0.05447691985520687,0.11857008022652195,background_confusion
sat_for_quicktune_to49_20260706_140730,trained_validation,TUWIEN,train,62,7854,2.0,23,0.016594030342513964,0.14107461166284696,background_confusion
sat_for_quicktune_to49_20260706_140730,trained_validation,TUWIEN,train,64,11914,2.0,76,0.4108406361570919,0.81173409434279,near_miss
sat_for_quicktune_to49_20260706_140730,trained_validation,TUWIEN,train,65,2470,2.0,2,0.0,0.0,background_confusion
sat_for_quicktune_to49_20260706_140730,trained_validation,TUWIEN,train,67,60037,2.0,8,0.07887893219701717,0.1728101004380632,background_confusion
sat_for_quicktune_to49_20260706_140730,trained_validation,TUWIEN,train,68,62468,2.0,50,7.638464529748348e-05,0.00017609015816097843,background_confusion
sat_for_quicktune_to49_20260706_140730,trained_validation,TUWIEN,train,69,38068,2.0,55,0.002740124960288044,0.010376168960806977,background_confusion
sat_for_quicktune_to49_20260706_140730,trained_validation,TUWIEN,train,70,29280,2.0,50,0.00015341021892540654,0.0005806010928961748,background_confusion
sat_for_quicktune_to49_20260706_140730,trained_validation,TUWIEN,train,71,10588,2.0,10,0.14247268421335918,1.0,large_extra_instance
sat_for_quicktune_to49_20260706_140730,trained_validation,TUWIEN,train,73,4234,2.0,47,0.19752790686532842,0.9737836561171469,small_extra_instance
sat_for_quicktune_to49_20260706_140730,trained_validation,TUWIEN,train,74,2346,2.0,51,0.06075359316327852,1.0,small_extra_instance
sat_for_quicktune_to49_20260706_140730,trained_validation,TUWIEN,train,75,1704,2.0,10,0.022929113515259163,1.0,small_extra_instance
sat_for_quicktune_to49_20260706_140730,trained_validation,TUWIEN,train,77,17335,2.0,50,0.21256636951110347,1.0,large_extra_instance
sat_for_quicktune_to49_20260706_140730,trained_validation,TUWIEN,train,78,49991,2.0,14,0.10392959178732265,0.5775839651137205,large_extra_instance
sat_for_quicktune_to49_20260706_140730,trained_validation,TUWIEN,train,79,2486,2.0,2,0.0,0.0,background_confusion
sat_for_quicktune_to49_20260706_140730,trained_validation,TUWIEN,train,80,48813,2.0,67,0.19446243822990505,0.7515415975252494,large_extra_instance
sat_for_quicktune_to49_20260706_140730,trained_validation,TUWIEN,train,84,3021,2.0,83,0.12313666541400475,1.0,small_extra_instance
sat_for_quicktune_to49_20260706_140730,trained_validation,TUWIEN,train,86,106274,2.0,65,0.30072490599261104,0.9484728155522517,near_miss
sat_for_quicktune_to49_20260706_140730,trained_validation,TUWIEN,train,88,377,2.0,2,0.0,0.0,background_confusion
sat_for_quicktune_to49_20260706_140730,trained_validation,TUWIEN,train,89,18919,2.0,117,0.0758106055603249,0.24271895977588667,background_confusion
sat_for_quicktune_to49_20260706_140730,trained_validation,TUWIEN,train,90,52781,2.0,117,0.27163458451581424,0.47680036376726476,near_miss
sat_for_quicktune_to49_20260706_140730,trained_validation,TUWIEN,train,91,66861,2.0,55,0.0007466544138762852,0.001166599362857271,background_confusion
sat_for_quicktune_to49_20260706_140730,trained_validation,TUWIEN,train,92,5949,2.0,2,0.0,0.0,background_confusion
sat_for_quicktune_to49_20260706_140730,trained_validation,TUWIEN,train,93,72671,2.0,83,0.005080158234436811,0.007293143069449987,background_confusion
sat_for_quicktune_to49_20260706_140730,trained_validation,TUWIEN,train,97,125156,2.0,101,0.4887150909250357,0.97420818818115,near_miss
sat_for_quicktune_to49_20260706_140730,trained_validation,TUWIEN,train,98,39392,2.0,85,0.4758316008316008,0.9854285134037368,near_miss
sat_for_quicktune_to49_20260706_140730,trained_validation,TUWIEN,train,99,48675,2.0,115,0.2542478950163089,0.9552336928608115,near_miss
sat_for_quicktune_to49_20260706_140730,trained_validation,TUWIEN,train,100,28207,2.0,108,0.1933852533630019,0.27298188392952105,background_confusion
sat_for_quicktune_to49_20260706_140730,trained_validation,TUWIEN,train,101,1464,2.0,2,0.0,0.0,background_confusion
sat_for_quicktune_to49_20260706_140730,trained_validation,TUWIEN,train,102,5494,2.0,2,0.0,0.0,background_confusion
sat_for_quicktune_to49_20260706_140730,trained_validation,TUWIEN,train,103,1985,2.0,2,0.0,0.0,background_confusion
sat_for_quicktune_to49_20260706_140730,trained_validation,TUWIEN,train,104,22243,2.0,108,0.04342544791982994,0.09656970732365239,background_confusion
sat_for_quicktune_to49_20260706_140730,trained_validation,TUWIEN,train,105,60160,2.0,87,0.08183327560052078,0.1533909574468085,background_confusion
sat_for_quicktune_to49_20260706_140730,trained_validation,TUWIEN,train,107,71660,2.0,84,0.08833527873154357,0.1992464415294446,background_confusion
sat_for_quicktune_to49_20260706_140730,trained_validation,TUWIEN,train,108,44496,2.0,93,0.1539338167210359,0.990673318950018,large_extra_instance
sat_for_quicktune_to49_20260706_140730,trained_validation,TUWIEN,train,109,2653,2.0,100,0.31414956011730205,0.35356200527704484,near_miss
sat_for_quicktune_to49_20260706_140730,trained_validation,TUWIEN,train,110,33649,2.0,2,0.0,0.0,background_confusion
sat_for_quicktune_to49_20260706_140730,trained_validation,TUWIEN,train,111,701,2.0,2,0.0,0.0,background_confusion
sat_for_quicktune_to49_20260706_140730,trained_validation,TUWIEN,train,112,3125,2.0,2,0.0,0.0,background_confusion
sat_for_quicktune_to49_20260706_140730,trained_validation,TUWIEN,train,113,60058,2.0,91,0.48908871454435726,0.9883779013620168,near_miss
sat_for_quicktune_to49_20260706_140730,trained_validation,TUWIEN,train,114,5052,2.0,2,0.0,0.0,background_confusion
sat_for_quicktune_to49_20260706_140730,trained_validation,TUWIEN,train,115,19512,2.0,2,0.0,0.0,background_confusion
sat_for_quicktune_to49_20260706_140730,trained_validation,TUWIEN,train,116,5198,2.0,2,0.0,0.0,background_confusion
sat_for_quicktune_to49_20260706_140730,trained_validation,TUWIEN,train,118,17138,2.0,2,0.0,0.0,background_confusion
sat_for_quicktune_to49_20260706_140730,trained_validation,TUWIEN,train,120,8698,2.0,103,7.535511096040089e-05,0.00022993791676247414,background_confusion
sat_for_quicktune_to49_20260706_140730,trained_validation,TUWIEN,train,121,34896,2.0,111,0.3267793735757062,0.880387436955525,near_miss
sat_for_quicktune_to49_20260706_140730,trained_validation,TUWIEN,train,122,4680,2.0,2,0.0,0.0,background_confusion
sat_for_quicktune_to49_20260706_140730,trained_validation,TUWIEN,train,123,3982,2.0,2,0.0,0.0,background_confusion
sat_for_quicktune_to49_20260706_140730,trained_validation,TUWIEN,train,124,3646,2.0,2,0.0,0.0,background_confusion
sat_for_quicktune_to49_20260706_140730,trained_test,CULS,plot_2_annotated,2,43639,2.0,2110,0.015649204122705374,0.029400307064781504,background_confusion
sat_for_quicktune_to49_20260706_140730,trained_test,CULS,plot_2_annotated,3,26294,2.0,2102,0.0,0.0,background_confusion
sat_for_quicktune_to49_20260706_140730,trained_test,CULS,plot_2_annotated,4,1167,2.0,2109,0.038763820434261353,1.0,small_extra_instance
sat_for_quicktune_to49_20260706_140730,trained_test,CULS,plot_2_annotated,5,40733,2.0,2102,0.0,0.0,background_confusion
sat_for_quicktune_to49_20260706_140730,trained_test,CULS,plot_2_annotated,6,63030,2.0,2102,0.0,0.0,background_confusion
sat_for_quicktune_to49_20260706_140730,trained_test,CULS,plot_2_annotated,7,53636,2.0,2102,0.0,0.0,background_confusion
sat_for_quicktune_to49_20260706_140730,trained_test,CULS,plot_2_annotated,8,31261,2.0,2102,0.0,0.0,background_confusion
sat_for_quicktune_to49_20260706_140730,trained_test,CULS,plot_2_annotated,9,24683,2.0,2102,0.0,0.0,background_confusion
sat_for_quicktune_to49_20260706_140730,trained_test,CULS,plot_2_annotated,10,31959,2.0,2113,0.01571494420444435,0.04587127256797772,background_confusion
sat_for_quicktune_to49_20260706_140730,trained_test,CULS,plot_2_annotated,11,65701,2.0,2102,0.0,0.0,background_confusion
sat_for_quicktune_to49_20260706_140730,trained_test,CULS,plot_2_annotated,15,58075,2.0,2102,0.0,0.0,background_confusion
sat_for_quicktune_to49_20260706_140730,trained_test,CULS,plot_2_annotated,19,3949,2.0,2102,0.0,0.0,background_confusion
sat_for_quicktune_to49_20260706_140730,trained_test,CULS,plot_2_annotated,21,36348,2.0,2102,0.0,0.0,background_confusion
sat_for_quicktune_to49_20260706_140730,trained_test,CULS,plot_2_annotated,22,88286,2.0,2102,0.0,0.0,background_confusion
sat_for_quicktune_to49_20260706_140730,trained_test,CULS,plot_2_annotated,25,6696,2.0,2118,0.07931581815166663,1.0,large_extra_instance
sat_for_quicktune_to49_20260706_140730,trained_test,CULS,plot_2_annotated,29,73303,2.0,2102,0.0,0.0,background_confusion
sat_for_quicktune_to49_20260706_140730,trained_test,CULS,plot_2_annotated,30,20086,2.0,2102,0.0,0.0,background_confusion
sat_for_quicktune_to49_20260706_140730,trained_test,CULS,plot_2_annotated,31,54176,2.0,2102,0.0,0.0,background_confusion
sat_for_quicktune_to49_20260706_140730,trained_test,CULS,plot_2_annotated,32,63041,2.0,2116,0.0047309012826254205,0.0066306054789740014,background_confusion
sat_for_quicktune_to49_20260706_140730,trained_test,CULS,plot_2_annotated,33,7905,2.0,2118,0.09363672976238421,1.0,large_extra_instance
sat_for_quicktune_to49_20260706_140730,trained_test,CULS,plot_2_annotated,40,54532,2.0,2102,0.0,0.0,background_confusion
sat_for_quicktune_to49_20260706_140730,trained_test,CULS,plot_2_annotated,41,29316,2.0,2119,0.00014526860164444056,0.0003411106562969027,background_confusion
sat_for_quicktune_to49_20260706_140730,trained_test,CULS,plot_2_annotated,42,16798,2.0,2102,0.0,0.0,background_confusion
sat_for_quicktune_to49_20260706_140730,trained_test,CULS,plot_2_annotated,43,49470,2.0,2119,0.00025848795783274704,0.0004649282393369719,background_confusion
sat_for_quicktune_to49_20260706_140730,trained_test,CULS,plot_2_annotated,45,2112,2.0,2102,0.0,0.0,background_confusion
sat_for_quicktune_to49_20260706_140730,trained_test,CULS,plot_2_annotated,46,61855,2.0,2120,0.004438404667805359,0.011623959259558645,background_confusion
sat_for_quicktune_to49_20260706_140730,trained_test,CULS,plot_2_annotated,47,41612,2.0,2102,0.0,0.0,background_confusion
sat_for_quicktune_to49_20260706_140730,trained_test,CULS,plot_2_annotated,48,15765,2.0,2102,0.0,0.0,background_confusion
sat_for_quicktune_to49_20260706_140730,trained_test,CULS,plot_2_annotated,49,17718,2.0,2102,0.0,0.0,background_confusion
sat_for_quicktune_to49_20260706_140730,trained_test,CULS,plot_2_annotated,50,36901,2.0,2102,0.0,0.0,background_confusion
sat_for_quicktune_to49_20260706_140730,trained_test,CULS,plot_2_annotated,51,46954,2.0,2102,0.0,0.0,background_confusion
sat_for_quicktune_to49_20260706_140730,trained_test,CULS,plot_2_annotated,52,42321,2.0,2102,0.0,0.0,background_confusion
sat_for_quicktune_to49_20260706_140730,trained_test,CULS,plot_2_annotated,53,42582,2.0,2102,0.0,0.0,background_confusion
sat_for_quicktune_to49_20260706_140730,trained_test,NIBIO,plot_17_annotated,1,159231,2.0,2,0.0,0.0,background_confusion
sat_for_quicktune_to49_20260706_140730,trained_test,NIBIO,plot_17_annotated,2,109606,2.0,2,0.0,0.0,background_confusion
sat_for_quicktune_to49_20260706_140730,trained_test,NIBIO,plot_17_annotated,3,291594,2.0,14,0.12432082972255465,0.18599491073204524,background_confusion
sat_for_quicktune_to49_20260706_140730,trained_test,NIBIO,plot_17_annotated,5,90616,2.0,18,0.49860679455578183,0.7816941820429063,near_miss
sat_for_quicktune_to49_20260706_140730,trained_test,NIBIO,plot_17_annotated,6,38121,2.0,2,0.0,0.0,background_confusion
sat_for_quicktune_to49_20260706_140730,trained_test,NIBIO,plot_17_annotated,7,130282,2.0,14,0.003029416425898158,0.00762960347553768,background_confusion
sat_for_quicktune_to49_20260706_140730,trained_test,NIBIO,plot_17_annotated,9,197561,2.0,14,0.025875343887409384,0.0595006099381963,background_confusion
sat_for_quicktune_to49_20260706_140730,trained_test,NIBIO,plot_17_annotated,10,72022,2.0,12,0.03581020590868397,0.066923995445836,background_confusion
sat_for_quicktune_to49_20260706_140730,trained_test,NIBIO,plot_17_annotated,11,145237,2.0,2,0.0,0.0,background_confusion
sat_for_quicktune_to49_20260706_140730,trained_test,NIBIO,plot_17_annotated,12,52864,2.0,2,0.0,0.0,background_confusion
sat_for_quicktune_to49_20260706_140730,trained_test,NIBIO,plot_17_annotated,14,21532,2.0,7,5.4195842094994474e-06,4.644250417982538e-05,background_confusion
sat_for_quicktune_to49_20260706_140730,trained_test,NIBIO,plot_17_annotated,16,22543,2.0,2,0.0,0.0,background_confusion
sat_for_quicktune_to49_20260706_140730,trained_test,NIBIO,plot_17_annotated,18,1239,2.0,13,0.03352580457454903,1.0,small_extra_instance
sat_for_quicktune_to49_20260706_140730,trained_test,NIBIO,plot_17_annotated,20,135716,2.0,2,0.0,0.0,background_confusion
sat_for_quicktune_to49_20260706_140730,trained_test,NIBIO,plot_17_annotated,22,32289,2.0,6,0.0016704662928656029,0.010003406732943108,background_confusion
sat_for_quicktune_to49_20260706_140730,trained_test,NIBIO,plot_17_annotated,32,10956,2.0,2,0.0,0.0,background_confusion
sat_for_quicktune_to49_20260706_140730,trained_test,NIBIO,plot_17_annotated,33,128191,2.0,2,0.0,0.0,background_confusion
sat_for_quicktune_to49_20260706_140730,trained_test,NIBIO,plot_17_annotated,34,215493,2.0,2,0.0027251260665550566,0.003758822792387688,background_confusion
sat_for_quicktune_to49_20260706_140730,trained_test,NIBIO,plot_17_annotated,35,162501,2.0,2,0.0,0.0,background_confusion
sat_for_quicktune_to49_20260706_140730,trained_test,NIBIO,plot_17_annotated,36,20416,2.0,2,0.0,0.0,background_confusion
sat_for_quicktune_to49_20260706_140730,trained_test,NIBIO,plot_17_annotated,37,19465,2.0,23,0.0005735057968201309,0.0033393269971744156,background_confusion
sat_for_quicktune_to49_20260706_140730,trained_test,NIBIO,plot_17_annotated,38,130759,2.0,23,2.2252683673651044e-05,3.823828570117545e-05,background_confusion
sat_for_quicktune_to49_20260706_140730,trained_test,NIBIO,plot_17_annotated,39,2633,2.0,2,0.0,0.0,background_confusion
sat_for_quicktune_to49_20260706_140730,trained_test,NIBIO,plot_17_annotated,40,3312,2.0,2,0.0,0.0,background_confusion
sat_for_quicktune_to49_20260706_140730,trained_test,NIBIO,plot_17_annotated,41,7247,2.0,2,0.0,0.0,background_confusion
sat_for_quicktune_to49_20260706_140730,trained_test,NIBIO,plot_17_annotated,42,85112,2.0,2,0.0,0.0,background_confusion
sat_for_quicktune_to49_20260706_140730,trained_test,NIBIO,plot_17_annotated,43,158446,2.0,2,0.0,0.0,background_confusion
sat_for_quicktune_to49_20260706_140730,trained_test,NIBIO,plot_17_annotated,44,5211,2.0,2,0.0,0.0,background_confusion
sat_for_quicktune_to49_20260706_140730,trained_test,NIBIO,plot_17_annotated,49,115886,2.0,24,4.775751915607157e-05,7.766253041782441e-05,background_confusion
sat_for_quicktune_to49_20260706_140730,trained_test,NIBIO,plot_17_annotated,50,41178,2.0,23,0.0035502606990597007,0.01160814026907572,background_confusion
sat_for_quicktune_to49_20260706_140730,trained_test,NIBIO,plot_17_annotated,53,29969,2.0,29,0.02731931337683067,0.32553638760052056,background_confusion
sat_for_quicktune_to49_20260706_140730,trained_test,NIBIO,plot_17_annotated,56,105405,2.0,29,0.007276130874707076,0.03548218775200417,background_confusion
sat_for_quicktune_to49_20260706_140730,trained_test,NIBIO,plot_17_annotated,57,165448,2.0,27,0.002118350691631189,0.0043759972922005706,background_confusion
sat_for_quicktune_to49_20260706_140730,trained_test,NIBIO,plot_17_annotated,62,17687,2.0,29,0.004515708660301991,0.09600271385763555,background_confusion
sat_for_quicktune_to49_20260706_140730,trained_test,NIBIO,plot_17_annotated,63,96173,2.0,2,0.0,0.0,background_confusion
sat_for_quicktune_to49_20260706_140730,trained_test,NIBIO,plot_17_annotated,64,33271,2.0,2,0.0,0.0,background_confusion
sat_for_quicktune_to49_20260706_140730,trained_test,NIBIO,plot_17_annotated,65,86104,2.0,2,0.0,0.0,background_confusion
sat_for_quicktune_to49_20260706_140730,trained_test,NIBIO,plot_17_annotated,66,4302,2.0,2,0.0,0.0,background_confusion
sat_for_quicktune_to49_20260706_140730,trained_test,NIBIO,plot_17_annotated,67,17555,2.0,2,0.0,0.0,background_confusion
sat_for_quicktune_to49_20260706_140730,trained_test,NIBIO,plot_17_annotated,69,11385,2.0,2,0.0,0.0,background_confusion
sat_for_quicktune_to49_20260706_140730,trained_test,NIBIO,plot_17_annotated,70,111197,2.0,2,0.0,0.0,background_confusion
sat_for_quicktune_to49_20260706_140730,trained_test,NIBIO,plot_17_annotated,71,59425,2.0,2,0.0,0.0,background_confusion
sat_for_quicktune_to49_20260706_140730,trained_test,NIBIO,plot_17_annotated,72,32393,2.0,2,0.0,0.0,background_confusion
sat_for_quicktune_to49_20260706_140730,trained_test,NIBIO,plot_18_annotated,1,3487,2.0,2,0.0,0.0,background_confusion
sat_for_quicktune_to49_20260706_140730,trained_test,NIBIO,plot_18_annotated,3,255409,2.0,20,0.0003319583365077983,0.00047766523497605804,background_confusion
sat_for_quicktune_to49_20260706_140730,trained_test,NIBIO,plot_18_annotated,5,13577,2.0,15,0.09557274412441281,0.9455697134860426,large_extra_instance
sat_for_quicktune_to49_20260706_140730,trained_test,NIBIO,plot_18_annotated,8,216897,2.0,15,1.4266149280986076e-05,2.305241658483059e-05,background_confusion
sat_for_quicktune_to49_20260706_140730,trained_test,NIBIO,plot_18_annotated,9,208458,2.0,2,0.0,0.0,background_confusion
sat_for_quicktune_to49_20260706_140730,trained_test,NIBIO,plot_18_annotated,10,29943,2.0,2,0.0,0.0,background_confusion
sat_for_quicktune_to49_20260706_140730,trained_test,NIBIO,plot_18_annotated,11,64203,2.0,15,0.004117169255762007,0.012631808482469666,background_confusion
sat_for_quicktune_to49_20260706_140730,trained_test,NIBIO,plot_18_annotated,12,104982,2.0,6,0.005246840619404344,0.01839362938408489,background_confusion
sat_for_quicktune_to49_20260706_140730,trained_test,NIBIO,plot_18_annotated,13,5862,2.0,6,0.0015901661168883038,0.0733538041624019,background_confusion
sat_for_quicktune_to49_20260706_140730,trained_test,NIBIO,plot_18_annotated,14,152565,2.0,2,0.0,0.0,background_confusion
sat_for_quicktune_to49_20260706_140730,trained_test,NIBIO,plot_18_annotated,15,129118,2.0,2,0.0,0.0,background_confusion
sat_for_quicktune_to49_20260706_140730,trained_test,NIBIO,plot_18_annotated,16,149908,2.0,2,0.0,0.0,background_confusion
sat_for_quicktune_to49_20260706_140730,trained_test,NIBIO,plot_18_annotated,17,96696,2.0,2,0.0,0.0,background_confusion
sat_for_quicktune_to49_20260706_140730,trained_test,NIBIO,plot_18_annotated,29,9168,2.0,2,0.0,0.0,background_confusion
sat_for_quicktune_to49_20260706_140730,trained_test,NIBIO,plot_18_annotated,33,47,2.0,2,0.0,0.0,background_confusion
sat_for_quicktune_to49_20260706_140730,trained_test,NIBIO,plot_18_annotated,34,135698,2.0,26,0.00017314989338913707,0.0002579256879246562,background_confusion
sat_for_quicktune_to49_20260706_140730,trained_test,NIBIO,plot_18_annotated,35,51485,2.0,2,0.0,0.0,background_confusion
sat_for_quicktune_to49_20260706_140730,trained_test,NIBIO,plot_18_annotated,36,177385,2.0,2,0.0,0.0,background_confusion
sat_for_quicktune_to49_20260706_140730,trained_test,NIBIO,plot_18_annotated,37,74306,2.0,2,0.0,0.0,background_confusion
sat_for_quicktune_to49_20260706_140730,trained_test,NIBIO,plot_18_annotated,38,3614,2.0,28,0.32974452554744527,1.0,near_miss
sat_for_quicktune_to49_20260706_140730,trained_test,NIBIO,plot_18_annotated,39,48523,2.0,2,0.0,0.0,background_confusion
sat_for_quicktune_to49_20260706_140730,trained_test,NIBIO,plot_18_annotated,41,92619,2.0,2,0.0,0.0,background_confusion
sat_for_quicktune_to49_20260706_140730,trained_test,NIBIO,plot_18_annotated,43,190870,2.0,2,0.0,0.0,background_confusion
sat_for_quicktune_to49_20260706_140730,trained_test,NIBIO,plot_18_annotated,47,37914,2.0,11,0.010479250199213266,0.04370417260114997,background_confusion
sat_for_quicktune_to49_20260706_140730,trained_test,NIBIO,plot_18_annotated,48,157761,2.0,27,0.045710116853876055,0.07769347303833013,background_confusion
sat_for_quicktune_to49_20260706_140730,trained_test,NIBIO,plot_18_annotated,49,73011,2.0,11,5.131494547787043e-06,1.3696566270835902e-05,background_confusion
sat_for_quicktune_to49_20260706_140730,trained_test,NIBIO,plot_18_annotated,50,300426,2.0,2,0.0,0.0,background_confusion
sat_for_quicktune_to49_20260706_140730,trained_test,NIBIO,plot_18_annotated,52,109095,2.0,2,0.0,0.0,background_confusion
sat_for_quicktune_to49_20260706_140730,trained_test,NIBIO,plot_18_annotated,53,126155,2.0,2,0.0,0.0,background_confusion
sat_for_quicktune_to49_20260706_140730,trained_test,NIBIO,plot_18_annotated,54,22342,2.0,2,0.0,0.0,background_confusion
sat_for_quicktune_to49_20260706_140730,trained_test,NIBIO,plot_18_annotated,55,260009,2.0,2,0.0,0.0,background_confusion
sat_for_quicktune_to49_20260706_140730,trained_test,NIBIO,plot_18_annotated,56,50034,2.0,2,0.0,0.0,background_confusion
sat_for_quicktune_to49_20260706_140730,trained_test,NIBIO,plot_18_annotated,57,214,2.0,2,0.0,0.0,background_confusion
sat_for_quicktune_to49_20260706_140730,trained_test,NIBIO,plot_1_annotated,1,234701,2.0,35,0.019892743422155187,0.04864913230024585,background_confusion
sat_for_quicktune_to49_20260706_140730,trained_test,NIBIO,plot_1_annotated,2,5174,2.0,37,0.08628986601245518,0.7924236567452648,large_extra_instance
sat_for_quicktune_to49_20260706_140730,trained_test,NIBIO,plot_1_annotated,3,131614,2.0,2,0.0,0.0,background_confusion
sat_for_quicktune_to49_20260706_140730,trained_test,NIBIO,plot_1_annotated,5,21398,2.0,2,0.02478922309811463,0.2535751004766801,background_confusion
sat_for_quicktune_to49_20260706_140730,trained_test,NIBIO,plot_1_annotated,6,114755,2.0,2,0.0036927523933278526,0.00980349440111542,background_confusion
sat_for_quicktune_to49_20260706_140730,trained_test,NIBIO,plot_1_annotated,8,36842,2.0,2,0.0,0.0,background_confusion
sat_for_quicktune_to49_20260706_140730,trained_test,NIBIO,plot_1_annotated,9,97855,2.0,3,0.018643258391665515,0.03723877165193398,background_confusion
sat_for_quicktune_to49_20260706_140730,trained_test,NIBIO,plot_1_annotated,10,3354,2.0,2,0.0,0.0,background_confusion
sat_for_quicktune_to49_20260706_140730,trained_test,NIBIO,plot_1_annotated,11,26506,2.0,2,0.007958918075764765,0.06391005810005282,background_confusion
sat_for_quicktune_to49_20260706_140730,trained_test,NIBIO,plot_1_annotated,13,53155,2.0,10,0.0057764131796692675,0.027147022857680368,background_confusion
sat_for_quicktune_to49_20260706_140730,trained_test,NIBIO,plot_1_annotated,14,16516,2.0,10,0.00397166969180966,0.05140469847420683,background_confusion
sat_for_quicktune_to49_20260706_140730,trained_test,NIBIO,plot_1_annotated,15,138424,2.0,11,0.003391891221279341,0.009976593654279605,background_confusion
sat_for_quicktune_to49_20260706_140730,trained_test,NIBIO,plot_1_annotated,18,114171,2.0,11,0.007038839452469952,0.023272109379789963,background_confusion
sat_for_quicktune_to49_20260706_140730,trained_test,NIBIO,plot_1_annotated,22,25963,2.0,22,0.3847740721304356,0.9060201055347995,near_miss
sat_for_quicktune_to49_20260706_140730,trained_test,NIBIO,plot_1_annotated,25,13980,2.0,2,0.0,0.0,background_confusion
sat_for_quicktune_to49_20260706_140730,trained_test,NIBIO,plot_1_annotated,31,26398,2.0,2,0.0,0.0,background_confusion
sat_for_quicktune_to49_20260706_140730,trained_test,NIBIO,plot_1_annotated,32,44454,2.0,2,0.0,0.0,background_confusion
sat_for_quicktune_to49_20260706_140730,trained_test,NIBIO,plot_1_annotated,33,37315,2.0,22,0.024625717084091225,0.05834114967171379,background_confusion
sat_for_quicktune_to49_20260706_140730,trained_test,NIBIO,plot_1_annotated,34,113863,2.0,14,0.021396875053130898,0.022105512765340805,background_confusion
sat_for_quicktune_to49_20260706_140730,trained_test,NIBIO,plot_1_annotated,35,1637,2.0,10,0.0019011311479521457,0.23152107513744655,background_confusion
sat_for_quicktune_to49_20260706_140730,trained_test,NIBIO,plot_1_annotated,36,82240,2.0,7,0.49981421328315095,0.9998662451361867,near_miss
sat_for_quicktune_to49_20260706_140730,trained_test,NIBIO,plot_1_annotated,37,6614,2.0,2,0.0,0.0,background_confusion
sat_for_quicktune_to49_20260706_140730,trained_test,NIBIO,plot_1_annotated,38,17185,2.0,31,0.005794677784339752,0.05766656968286296,background_confusion
sat_for_quicktune_to49_20260706_140730,trained_test,NIBIO,plot_1_annotated,39,30696,2.0,10,0.000909945971957915,0.006776127182694814,background_confusion
sat_for_quicktune_to49_20260706_140730,trained_test,NIBIO,plot_1_annotated,42,267603,2.0,6,0.0032812608906228496,0.008602295191010564,background_confusion
sat_for_quicktune_to49_20260706_140730,trained_test,NIBIO,plot_1_annotated,44,64919,2.0,24,0.00934136199259805,0.052419168502287464,background_confusion
sat_for_quicktune_to49_20260706_140730,trained_test,NIBIO,plot_1_annotated,47,177,2.0,2,0.0,0.0,background_confusion
sat_for_quicktune_to49_20260706_140730,trained_test,NIBIO,plot_1_annotated,48,13339,2.0,2,0.0,0.0,background_confusion
sat_for_quicktune_to49_20260706_140730,trained_test,NIBIO,plot_1_annotated,49,566,2.0,2,0.0,0.0,background_confusion
sat_for_quicktune_to49_20260706_140730,trained_test,NIBIO,plot_1_annotated,50,966,2.0,2,0.0,0.0,background_confusion
sat_for_quicktune_to49_20260706_140730,trained_test,NIBIO,plot_1_annotated,51,30101,2.0,2,0.0,0.0,background_confusion
sat_for_quicktune_to49_20260706_140730,trained_test,NIBIO,plot_1_annotated,52,105981,2.0,8,0.00043965454621916207,0.0010851001594625452,background_confusion
sat_for_quicktune_to49_20260706_140730,trained_test,NIBIO,plot_1_annotated,54,87124,2.0,2,0.0,0.0,background_confusion
sat_for_quicktune_to49_20260706_140730,trained_test,NIBIO,plot_1_annotated,55,17858,2.0,2,0.0,0.0,background_confusion
sat_for_quicktune_to49_20260706_140730,trained_test,NIBIO,plot_22_annotated,1,140750,2.0,17,0.008152351422088866,0.013456483126110124,background_confusion
sat_for_quicktune_to49_20260706_140730,trained_test,NIBIO,plot_22_annotated,2,129710,2.0,2,0.0,0.0,background_confusion
sat_for_quicktune_to49_20260706_140730,trained_test,NIBIO,plot_22_annotated,3,146592,2.0,17,0.051237304726428755,0.18265662519100634,background_confusion
sat_for_quicktune_to49_20260706_140730,trained_test,NIBIO,plot_22_annotated,4,13928,2.0,2,0.0,0.0,background_confusion
sat_for_quicktune_to49_20260706_140730,trained_test,NIBIO,plot_22_annotated,5,146527,2.0,10,0.010264396369855319,0.030642816682249687,background_confusion
sat_for_quicktune_to49_20260706_140730,trained_test,NIBIO,plot_22_annotated,6,4634,2.0,2,0.0,0.0,background_confusion
sat_for_quicktune_to49_20260706_140730,trained_test,NIBIO,plot_22_annotated,7,206739,2.0,10,0.00021362678358825262,0.0003966353711684781,background_confusion
sat_for_quicktune_to49_20260706_140730,trained_test,NIBIO,plot_22_annotated,9,149976,2.0,10,0.0010862547466272555,0.0023670453939296956,background_confusion
sat_for_quicktune_to49_20260706_140730,trained_test,NIBIO,plot_22_annotated,10,97213,2.0,2,0.0,0.0,background_confusion
sat_for_quicktune_to49_20260706_140730,trained_test,NIBIO,plot_22_annotated,11,112542,2.0,11,0.010441442170266699,0.034404933269357216,background_confusion
sat_for_quicktune_to49_20260706_140730,trained_test,NIBIO,plot_22_annotated,12,237375,2.0,11,0.0007011428628664724,0.0014744602422327542,background_confusion
sat_for_quicktune_to49_20260706_140730,trained_test,NIBIO,plot_22_annotated,13,286603,2.0,2,5.521461101306541e-05,9.420696922223423e-05,background_confusion
sat_for_quicktune_to49_20260706_140730,trained_test,NIBIO,plot_22_annotated,16,18606,2.0,2,0.0,0.0,background_confusion
sat_for_quicktune_to49_20260706_140730,trained_test,NIBIO,plot_22_annotated,17,6597,2.0,4,0.05414365561303113,1.0,large_extra_instance
sat_for_quicktune_to49_20260706_140730,trained_test,NIBIO,plot_22_annotated,24,72285,2.0,9,0.008755707636143502,0.03281455350349312,background_confusion
sat_for_quicktune_to49_20260706_140730,trained_test,NIBIO,plot_22_annotated,25,57023,2.0,2,0.00035858186655356557,0.0016309208564965014,background_confusion
sat_for_quicktune_to49_20260706_140730,trained_test,NIBIO,plot_22_annotated,26,93459,2.0,2,0.0,0.0,background_confusion
sat_for_quicktune_to49_20260706_140730,trained_test,NIBIO,plot_22_annotated,27,36499,2.0,14,0.059382727121315,0.1373188306528946,background_confusion
sat_for_quicktune_to49_20260706_140730,trained_test,NIBIO,plot_22_annotated,29,29991,2.0,14,0.0012880839094661025,0.009236104164582709,background_confusion
sat_for_quicktune_to49_20260706_140730,trained_test,NIBIO,plot_22_annotated,31,43144,2.0,2,0.0,0.0,background_confusion
sat_for_quicktune_to49_20260706_140730,trained_test,NIBIO,plot_22_annotated,32,52073,2.0,2,0.0,0.0,background_confusion
sat_for_quicktune_to49_20260706_140730,trained_test,NIBIO,plot_22_annotated,33,100896,2.0,2,0.0,0.0,background_confusion
sat_for_quicktune_to49_20260706_140730,trained_test,NIBIO,plot_22_annotated,37,163269,2.0,14,0.03362037059883047,0.041728680888594896,background_confusion
sat_for_quicktune_to49_20260706_140730,trained_test,NIBIO,plot_22_annotated,39,108239,2.0,6,0.00027476679168555686,0.0007575827566773529,background_confusion
sat_for_quicktune_to49_20260706_140730,trained_test,NIBIO,plot_22_annotated,40,210037,2.0,6,0.005932697918692861,0.01142179711193742,background_confusion
sat_for_quicktune_to49_20260706_140730,trained_test,NIBIO,plot_22_annotated,43,34437,2.0,2,0.0,0.0,background_confusion
sat_for_quicktune_to49_20260706_140730,trained_test,NIBIO,plot_22_annotated,44,1489,2.0,2,0.0,0.0,background_confusion
sat_for_quicktune_to49_20260706_140730,trained_test,NIBIO,plot_22_annotated,45,76712,2.0,2,0.0,0.0,background_confusion
sat_for_quicktune_to49_20260706_140730,trained_test,NIBIO,plot_22_annotated,46,6056,2.0,2,0.0,0.0,background_confusion
sat_for_quicktune_to49_20260706_140730,trained_test,NIBIO,plot_22_annotated,47,102031,2.0,2,0.0,0.0,background_confusion
sat_for_quicktune_to49_20260706_140730,trained_test,NIBIO,plot_22_annotated,48,114355,2.0,2,0.0,0.0,background_confusion
sat_for_quicktune_to49_20260706_140730,trained_test,NIBIO,plot_23_annotated,2,93526,2.0,2,0.0,0.0,background_confusion
sat_for_quicktune_to49_20260706_140730,trained_test,NIBIO,plot_23_annotated,3,126621,2.0,22,0.00039732864521817697,0.0005765236414180902,background_confusion
sat_for_quicktune_to49_20260706_140730,trained_test,NIBIO,plot_23_annotated,4,65122,2.0,25,0.015068773445492782,0.05228647768803169,background_confusion
sat_for_quicktune_to49_20260706_140730,trained_test,NIBIO,plot_23_annotated,5,94558,2.0,22,0.00025049604809524123,0.0004018697518983058,background_confusion
sat_for_quicktune_to49_20260706_140730,trained_test,NIBIO,plot_23_annotated,6,105989,2.0,2,0.0,0.0,background_confusion
sat_for_quicktune_to49_20260706_140730,trained_test,NIBIO,plot_23_annotated,7,88681,2.0,6,0.004169621030129216,0.0163169111760129,background_confusion
sat_for_quicktune_to49_20260706_140730,trained_test,NIBIO,plot_23_annotated,8,22777,2.0,26,0.1601759330429584,0.974184484348246,large_extra_instance
sat_for_quicktune_to49_20260706_140730,trained_test,NIBIO,plot_23_annotated,9,39142,2.0,25,0.01848419291714641,0.09146185682898166,background_confusion
sat_for_quicktune_to49_20260706_140730,trained_test,NIBIO,plot_23_annotated,10,22748,2.0,2,0.0,0.0,background_confusion
sat_for_quicktune_to49_20260706_140730,trained_test,NIBIO,plot_23_annotated,11,241119,2.0,25,0.0001252548937086972,0.00020736648708728886,background_confusion
sat_for_quicktune_to49_20260706_140730,trained_test,NIBIO,plot_23_annotated,12,32398,2.0,2,0.0,0.0,background_confusion
sat_for_quicktune_to49_20260706_140730,trained_test,NIBIO,plot_23_annotated,13,63907,2.0,2,0.0,0.0,background_confusion
sat_for_quicktune_to49_20260706_140730,trained_test,NIBIO,plot_23_annotated,16,117290,2.0,18,0.08463653657937217,0.17031289965043908,background_confusion
sat_for_quicktune_to49_20260706_140730,trained_test,NIBIO,plot_23_annotated,17,16712,2.0,20,0.0002224694104560623,0.00029918621349928195,background_confusion
sat_for_quicktune_to49_20260706_140730,trained_test,NIBIO,plot_23_annotated,18,132543,2.0,22,0.013239480247592701,0.018703364191243597,background_confusion
sat_for_quicktune_to49_20260706_140730,trained_test,NIBIO,plot_23_annotated,19,5137,2.0,2,0.0,0.0,background_confusion
sat_for_quicktune_to49_20260706_140730,trained_test,NIBIO,plot_23_annotated,25,124065,2.0,2,0.0,0.0,background_confusion
sat_for_quicktune_to49_20260706_140730,trained_test,NIBIO,plot_23_annotated,31,268,2.0,16,0.06075418994413408,0.9738805970149254,small_extra_instance
sat_for_quicktune_to49_20260706_140730,trained_test,NIBIO,plot_23_annotated,32,15063,2.0,18,0.0010090160466100315,0.010290114850959304,background_confusion
sat_for_quicktune_to49_20260706_140730,trained_test,NIBIO,plot_23_annotated,33,142177,2.0,18,6.408750080109376e-05,0.00012660275571998284,background_confusion
sat_for_quicktune_to49_20260706_140730,trained_test,NIBIO,plot_23_annotated,34,134986,2.0,16,0.00034476071451658083,0.00035559243180774305,background_confusion
sat_for_quicktune_to49_20260706_140730,trained_test,NIBIO,plot_23_annotated,36,74612,2.0,15,0.009937921295926251,0.020720527529083793,background_confusion
sat_for_quicktune_to49_20260706_140730,trained_test,NIBIO,plot_23_annotated,37,52651,2.0,2,0.0,0.0,background_confusion
sat_for_quicktune_to49_20260706_140730,trained_test,NIBIO,plot_23_annotated,40,70634,2.0,2,0.0,0.0,background_confusion
sat_for_quicktune_to49_20260706_140730,trained_test,NIBIO,plot_23_annotated,41,122850,2.0,2,0.0,0.0,background_confusion
sat_for_quicktune_to49_20260706_140730,trained_test,NIBIO,plot_23_annotated,42,78862,2.0,18,4.596264156493602e-06,1.2680378382490934e-05,background_confusion
sat_for_quicktune_to49_20260706_140730,trained_test,NIBIO,plot_23_annotated,43,2144,2.0,16,0.48465266558966075,0.9794776119402985,near_miss
sat_for_quicktune_to49_20260706_140730,trained_test,NIBIO,plot_23_annotated,46,7659,2.0,13,1.801542120054767e-05,0.0001305653479566523,background_confusion
sat_for_quicktune_to49_20260706_140730,trained_test,NIBIO,plot_23_annotated,48,120164,2.0,29,0.22314328179826243,0.24238540661096503,background_confusion
sat_for_quicktune_to49_20260706_140730,trained_test,NIBIO,plot_23_annotated,49,37989,2.0,11,0.1789789108508446,0.9982626549790728,large_extra_instance
sat_for_quicktune_to49_20260706_140730,trained_test,NIBIO,plot_23_annotated,50,676,2.0,2,0.0,0.0,background_confusion
sat_for_quicktune_to49_20260706_140730,trained_test,NIBIO,plot_23_annotated,51,28933,2.0,2,0.0,0.0,background_confusion
sat_for_quicktune_to49_20260706_140730,trained_test,NIBIO,plot_23_annotated,52,13306,2.0,2,0.0,0.0,background_confusion
sat_for_quicktune_to49_20260706_140730,trained_test,NIBIO,plot_23_annotated,54,422938,2.0,12,0.00034201442780428594,0.0004350519461481352,background_confusion
sat_for_quicktune_to49_20260706_140730,trained_test,NIBIO,plot_23_annotated,55,47516,2.0,29,0.04845570779557259,0.084624126609984,background_confusion
sat_for_quicktune_to49_20260706_140730,trained_test,NIBIO,plot_23_annotated,56,33774,2.0,2,0.0,0.0,background_confusion
sat_for_quicktune_to49_20260706_140730,trained_test,NIBIO,plot_5_annotated,1,197168,2.0,8,0.0030054707760207465,0.0059543130731153126,background_confusion
sat_for_quicktune_to49_20260706_140730,trained_test,NIBIO,plot_5_annotated,2,42398,2.0,2,0.0,0.0,background_confusion
sat_for_quicktune_to49_20260706_140730,trained_test,NIBIO,plot_5_annotated,3,163739,2.0,2,0.0,0.0,background_confusion
sat_for_quicktune_to49_20260706_140730,trained_test,NIBIO,plot_5_annotated,4,25,2.0,2,0.0,0.0,background_confusion
sat_for_quicktune_to49_20260706_140730,trained_test,NIBIO,plot_5_annotated,5,137585,2.0,2,0.0,0.0,background_confusion
sat_for_quicktune_to49_20260706_140730,trained_test,NIBIO,plot_5_annotated,7,87206,2.0,8,0.02803605365004906,0.08814760452262459,background_confusion
sat_for_quicktune_to49_20260706_140730,trained_test,NIBIO,plot_5_annotated,9,27310,2.0,8,0.07274502506199036,0.5530208714756499,large_extra_instance
sat_for_quicktune_to49_20260706_140730,trained_test,NIBIO,plot_5_annotated,12,30,2.0,2,0.0,0.0,background_confusion
sat_for_quicktune_to49_20260706_140730,trained_test,NIBIO,plot_5_annotated,17,1233,2.0,2,0.0,0.0,background_confusion
sat_for_quicktune_to49_20260706_140730,trained_test,NIBIO,plot_5_annotated,18,54596,2.0,16,0.031058984144714388,0.09713165799692285,background_confusion
sat_for_quicktune_to49_20260706_140730,trained_test,NIBIO,plot_5_annotated,19,105604,2.0,2,0.0,0.0,background_confusion
sat_for_quicktune_to49_20260706_140730,trained_test,NIBIO,plot_5_annotated,20,45815,2.0,2,0.0,0.0,background_confusion
sat_for_quicktune_to49_20260706_140730,trained_test,NIBIO,plot_5_annotated,23,55448,2.0,2,0.0,0.0,background_confusion
sat_for_quicktune_to49_20260706_140730,trained_test,NIBIO,plot_5_annotated,24,122384,2.0,15,0.1731106567788921,0.27240488952804287,background_confusion
sat_for_quicktune_to49_20260706_140730,trained_test,NIBIO,plot_5_annotated,26,107376,2.0,2,0.0,0.0,background_confusion
sat_for_quicktune_to49_20260706_140730,trained_test,NIBIO,plot_5_annotated,28,145620,2.0,3,0.022065779674322175,0.03011948908117017,background_confusion
sat_for_quicktune_to49_20260706_140730,trained_test,NIBIO,plot_5_annotated,29,87070,2.0,2,0.0,0.0,background_confusion
sat_for_quicktune_to49_20260706_140730,trained_test,NIBIO,plot_5_annotated,30,6831,2.0,2,0.0,0.0,background_confusion
sat_for_quicktune_to49_20260706_140730,trained_test,NIBIO,plot_5_annotated,31,8361,2.0,2,0.0,0.0,background_confusion
sat_for_quicktune_to49_20260706_140730,trained_test,NIBIO,plot_5_annotated,32,2140,2.0,2,0.0,0.0,background_confusion
sat_for_quicktune_to49_20260706_140730,trained_test,NIBIO,plot_5_annotated,34,14431,2.0,2,0.0,0.0,background_confusion
sat_for_quicktune_to49_20260706_140730,trained_test,NIBIO,plot_5_annotated,35,23932,2.0,2,0.0,0.0,background_confusion
sat_for_quicktune_to49_20260706_140730,trained_test,NIBIO,plot_5_annotated,36,213021,2.0,15,0.01599440195931424,0.021279592152886335,background_confusion
sat_for_quicktune_to49_20260706_140730,trained_test,RMIT,test,2,3669,2.0,2,0.0,0.0,background_confusion
sat_for_quicktune_to49_20260706_140730,trained_test,RMIT,test,3,2348,2.0,3,0.0069180214458664825,0.008517887563884156,background_confusion
sat_for_quicktune_to49_20260706_140730,trained_test,RMIT,test,4,3637,2.0,80,0.0031476997578692495,0.00769865273577124,background_confusion
sat_for_quicktune_to49_20260706_140730,trained_test,RMIT,test,5,355,2.0,164,0.32320441988950277,0.504225352112676,near_miss
sat_for_quicktune_to49_20260706_140730,trained_test,RMIT,test,6,10537,2.0,71,0.4311085881112643,0.5521495681882889,near_miss
sat_for_quicktune_to49_20260706_140730,trained_test,RMIT,test,7,5599,2.0,2,0.350511533329097,0.9851759242721915,near_miss
sat_for_quicktune_to49_20260706_140730,trained_test,RMIT,test,8,559,2.0,2,0.035048518896833504,0.9821109123434705,small_extra_instance
sat_for_quicktune_to49_20260706_140730,trained_test,RMIT,test,9,3111,2.0,2,0.0,0.0,background_confusion
sat_for_quicktune_to49_20260706_140730,trained_test,RMIT,test,10,491,2.0,4,0.08990825688073395,0.9979633401221996,small_extra_instance
sat_for_quicktune_to49_20260706_140730,trained_test,RMIT,test,13,2552,2.0,85,0.11236506378802748,0.17946708463949843,background_confusion
sat_for_quicktune_to49_20260706_140730,trained_test,RMIT,test,15,3634,2.0,85,0.12297540491901619,0.186020913593836,background_confusion
sat_for_quicktune_to49_20260706_140730,trained_test,RMIT,test,16,1149,2.0,171,0.020739404869251576,0.040905134899912966,background_confusion
sat_for_quicktune_to49_20260706_140730,trained_test,RMIT,test,17,1015,2.0,2,0.0,0.0,background_confusion
sat_for_quicktune_to49_20260706_140730,trained_test,RMIT,test,18,4418,2.0,171,0.005268895348837209,0.006564056133997284,background_confusion
sat_for_quicktune_to49_20260706_140730,trained_test,RMIT,test,19,1490,2.0,2,0.0,0.0,background_confusion
sat_for_quicktune_to49_20260706_140730,trained_test,RMIT,test,20,355,2.0,2,0.0,0.0,background_confusion
sat_for_quicktune_to49_20260706_140730,trained_test,RMIT,test,21,1156,2.0,2,0.0,0.0,background_confusion
sat_for_quicktune_to49_20260706_140730,trained_test,RMIT,test,26,278,2.0,202,0.4948805460750853,0.9424460431654677,near_miss
sat_for_quicktune_to49_20260706_140730,trained_test,RMIT,test,27,5632,2.0,2,0.0,0.0,background_confusion
sat_for_quicktune_to49_20260706_140730,trained_test,RMIT,test,28,5062,2.0,99,0.48719837907533614,0.836823389964441,near_miss
sat_for_quicktune_to49_20260706_140730,trained_test,RMIT,test,29,8803,2.0,2,0.49200829673011226,0.9830739520617972,near_miss
sat_for_quicktune_to49_20260706_140730,trained_test,RMIT,test,30,6613,2.0,94,0.41211025756891095,0.8905186753364585,near_miss
sat_for_quicktune_to49_20260706_140730,trained_test,RMIT,test,31,4567,2.0,213,0.33952082883660695,0.9770089774469017,near_miss
sat_for_quicktune_to49_20260706_140730,trained_test,RMIT,test,34,302,2.0,2,0.0,0.0,background_confusion
sat_for_quicktune_to49_20260706_140730,trained_test,RMIT,test,36,2993,2.0,210,0.4195056780227121,0.8600066822586034,near_miss
sat_for_quicktune_to49_20260706_140730,trained_test,RMIT,test,37,223,2.0,101,0.006234188651969642,0.6233183856502242,small_extra_instance
sat_for_quicktune_to49_20260706_140730,trained_test,RMIT,test,39,1299,2.0,196,0.44384615384615383,0.6073903002309469,near_miss
sat_for_quicktune_to49_20260706_140730,trained_test,RMIT,test,41,2965,2.0,183,0.0959711758925647,0.09881956155143339,background_confusion
sat_for_quicktune_to49_20260706_140730,trained_test,RMIT,test,45,4612,2.0,211,0.3710201429499675,0.9316999132697311,near_miss
sat_for_quicktune_to49_20260706_140730,trained_test,RMIT,test,48,966,2.0,218,0.008226691042047532,0.009316770186335404,background_confusion
sat_for_quicktune_to49_20260706_140730,trained_test,RMIT,test,51,2874,2.0,107,0.007875605815831988,0.023660403618649965,background_confusion
sat_for_quicktune_to49_20260706_140730,trained_test,RMIT,test,52,923,2.0,103,0.031051752921535895,0.12459371614301191,background_confusion
sat_for_quicktune_to49_20260706_140730,trained_test,RMIT,test,53,3029,2.0,2,0.0,0.0,background_confusion
sat_for_quicktune_to49_20260706_140730,trained_test,RMIT,test,54,1441,2.0,107,0.015700827861832713,0.04510756419153366,background_confusion
sat_for_quicktune_to49_20260706_140730,trained_test,RMIT,test,55,1675,2.0,104,0.04294478527607362,0.09611940298507463,background_confusion
sat_for_quicktune_to49_20260706_140730,trained_test,RMIT,test,56,1493,2.0,2,0.0,0.0,background_confusion
sat_for_quicktune_to49_20260706_140730,trained_test,RMIT,test,57,1058,2.0,2,0.0,0.0,background_confusion
sat_for_quicktune_to49_20260706_140730,trained_test,SCION,plot_31_annotated,2,94820,2.0,9,0.00040345848365289436,0.0024678337903395907,background_confusion
sat_for_quicktune_to49_20260706_140730,trained_test,SCION,plot_31_annotated,3,81899,2.0,10,0.00347268303472683,0.013443387587150026,background_confusion
sat_for_quicktune_to49_20260706_140730,trained_test,SCION,plot_31_annotated,5,45451,2.0,12,0.4068050823852071,0.9994279553805197,near_miss
sat_for_quicktune_to49_20260706_140730,trained_test,SCION,plot_31_annotated,7,3423,2.0,14,0.09210561731219552,1.0,small_extra_instance
sat_for_quicktune_to49_20260706_140730,trained_test,SCION,plot_31_annotated,16,76440,2.0,2,0.001256505938615352,0.0030350601779173206,background_confusion
sat_for_quicktune_to49_20260706_140730,trained_test,SCION,plot_31_annotated,17,58612,2.0,5,0.00476208100472507,0.013171364225755818,background_confusion
sat_for_quicktune_to49_20260706_140730,trained_test,SCION,plot_31_annotated,19,7124,2.0,26,0.0004316857327865314,0.0036496350364963502,background_confusion
sat_for_quicktune_to49_20260706_140730,trained_test,SCION,plot_31_annotated,20,32774,2.0,24,0.23345159040601596,0.5829010801244889,large_extra_instance
sat_for_quicktune_to49_20260706_140730,trained_test,SCION,plot_31_annotated,27,5255,2.0,2,6.157689634849004e-05,0.0013320647002854425,background_confusion
sat_for_quicktune_to49_20260706_140730,trained_test,SCION,plot_31_annotated,28,49540,2.0,2,0.0,0.0,background_confusion
sat_for_quicktune_to49_20260706_140730,trained_test,SCION,plot_31_annotated,29,6264,2.0,3,0.020319874147876244,0.09897828863346105,background_confusion
sat_for_quicktune_to49_20260706_140730,trained_test,SCION,plot_31_annotated,32,63387,2.0,22,0.012192662600628982,0.036742549734172625,background_confusion
sat_for_quicktune_to49_20260706_140730,trained_test,SCION,plot_31_annotated,33,47645,2.0,15,0.005088581683988987,0.022226886346940918,background_confusion
sat_for_quicktune_to49_20260706_140730,trained_test,SCION,plot_31_annotated,35,25320,2.0,22,5.41884267067661e-05,0.00039494470774091627,background_confusion
sat_for_quicktune_to49_20260706_140730,trained_test,SCION,plot_31_annotated,36,56507,2.0,2,0.0,0.0,background_confusion
sat_for_quicktune_to49_20260706_140730,trained_test,SCION,plot_31_annotated,37,7429,2.0,15,4.143262167873145e-05,0.000942253331538565,background_confusion
sat_for_quicktune_to49_20260706_140730,trained_test,SCION,plot_61_annotated,1,219678,2.0,13,0.1206819786555612,0.12445488396653283,background_confusion
sat_for_quicktune_to49_20260706_140730,trained_test,SCION,plot_61_annotated,2,96409,2.0,12,0.007654001384282106,0.017664325944673216,background_confusion
sat_for_quicktune_to49_20260706_140730,trained_test,SCION,plot_61_annotated,3,67896,2.0,11,0.0013081196857637767,0.002680570283963709,background_confusion
sat_for_quicktune_to49_20260706_140730,trained_test,SCION,plot_61_annotated,6,213985,2.0,10,1.6271009941587074e-05,5.140547234619249e-05,background_confusion
sat_for_quicktune_to49_20260706_140730,trained_test,SCION,plot_61_annotated,7,92532,2.0,2,0.0,0.0,background_confusion
sat_for_quicktune_to49_20260706_140730,trained_test,SCION,plot_61_annotated,12,160357,2.0,4,0.001284157189192199,0.0024383095218793067,background_confusion
sat_for_quicktune_to49_20260706_140730,trained_test,SCION,plot_61_annotated,16,146773,2.0,6,0.011542836140401417,0.03782712079197127,background_confusion
sat_for_quicktune_to49_20260706_140730,trained_test,SCION,plot_61_annotated,20,10808,2.0,20,0.2539069681926825,1.0,near_miss
sat_for_quicktune_to49_20260706_140730,trained_test,SCION,plot_61_annotated,21,2528,2.0,5,1.387135703485872e-05,0.0015822784810126582,background_confusion
sat_for_quicktune_to49_20260706_140730,trained_test,SCION,plot_61_annotated,24,2296,2.0,2,0.0,0.0,background_confusion
sat_for_quicktune_to49_20260706_140730,trained_test,SCION,plot_61_annotated,25,28824,2.0,2,0.002685846131660538,0.02067721343325007,background_confusion
sat_for_quicktune_to49_20260706_140730,trained_test,SCION,plot_61_annotated,26,51548,2.0,5,0.0012074353141145562,0.0045200589741600065,background_confusion
sat_for_quicktune_to49_20260706_140730,trained_test,SCION,plot_61_annotated,27,7129,2.0,6,0.004881800772297743,0.04362463178566419,background_confusion
sat_for_quicktune_to49_20260706_140730,trained_test,SCION,plot_61_annotated,28,123185,2.0,2,0.0006473902278813602,0.0017047530137597922,background_confusion
sat_for_quicktune_to49_20260706_140730,trained_test,TUWIEN,test,1,7528,2.0,131,0.0,0.0,background_confusion
sat_for_quicktune_to49_20260706_140730,trained_test,TUWIEN,test,2,9684,2.0,131,0.0,0.0,background_confusion
sat_for_quicktune_to49_20260706_140730,trained_test,TUWIEN,test,3,57190,2.0,149,0.003368857312018946,0.009949291834236755,background_confusion
sat_for_quicktune_to49_20260706_140730,trained_test,TUWIEN,test,5,3128,2.0,131,0.0,0.0,background_confusion
sat_for_quicktune_to49_20260706_140730,trained_test,TUWIEN,test,6,7281,2.0,143,0.00023232401455897158,0.00041203131437989287,background_confusion
sat_for_quicktune_to49_20260706_140730,trained_test,TUWIEN,test,7,121894,2.0,149,0.34342837473466814,0.7466241160352437,near_miss
sat_for_quicktune_to49_20260706_140730,trained_test,TUWIEN,test,8,26214,2.0,131,0.0,0.0,background_confusion
sat_for_quicktune_to49_20260706_140730,trained_test,TUWIEN,test,9,68377,2.0,131,0.0,0.0,background_confusion
sat_for_quicktune_to49_20260706_140730,trained_test,TUWIEN,test,10,24352,2.0,135,0.2561455260570305,0.9994661629434954,near_miss
sat_for_quicktune_to49_20260706_140730,trained_test,TUWIEN,test,12,26835,2.0,149,0.04144395035110572,0.2224333892304826,background_confusion
sat_for_quicktune_to49_20260706_140730,trained_test,TUWIEN,test,14,90213,2.0,150,0.27662507986683255,0.9572012902796715,near_miss
sat_for_quicktune_to49_20260706_140730,trained_test,TUWIEN,test,15,6332,2.0,131,0.0,0.0,background_confusion
sat_for_quicktune_to49_20260706_140730,trained_test,TUWIEN,test,16,47732,2.0,131,0.0,0.0,background_confusion
sat_for_quicktune_to49_20260706_140730,trained_test,TUWIEN,test,17,22231,2.0,162,0.00313980704458526,0.004948045522018802,background_confusion
sat_for_quicktune_to49_20260706_140730,trained_test,TUWIEN,test,22,26961,2.0,150,0.08078678902501514,0.9862393828122102,large_extra_instance
sat_for_quicktune_to49_20260706_140730,trained_test,TUWIEN,test,23,3164,2.0,131,0.0,0.0,background_confusion
sat_for_quicktune_to49_20260706_140730,trained_test,TUWIEN,test,24,4326,2.0,131,0.0,0.0,background_confusion
sat_for_quicktune_to49_20260706_140730,trained_test,TUWIEN,test,25,3973,2.0,131,0.0,0.0,background_confusion
sat_for_quicktune_to49_20260706_140730,trained_test,TUWIEN,test,26,20101,2.0,165,0.35750010872874355,0.9991542709317944,near_miss
sat_for_quicktune_to49_20260706_140730,trained_test,TUWIEN,test,27,42248,2.0,166,0.24006254442075337,1.0,large_extra_instance
sat_for_quicktune_to49_20260706_140730,trained_test,TUWIEN,test,28,14011,2.0,166,0.07543247499178665,0.9989294126043823,large_extra_instance
sat_for_quicktune_to49_20260706_140730,trained_test,TUWIEN,test,29,117019,2.0,164,0.0010774903888903418,0.0017603978841042908,background_confusion
sat_for_quicktune_to49_20260706_140730,trained_test,TUWIEN,test,30,32760,2.0,164,0.32531700377311806,0.8995726495726496,near_miss
sat_for_quicktune_to49_20260706_140730,trained_test,TUWIEN,test,31,103382,2.0,166,0.4943992807102986,0.9189897661101546,near_miss
sat_for_quicktune_to49_20260706_140730,trained_test,TUWIEN,test,32,3738,2.0,164,0.00973408999831948,0.2014446227929374,background_confusion
sat_for_quicktune_to49_20260706_140730,trained_test,TUWIEN,test,33,80554,2.0,131,0.0,0.0,background_confusion
sat_for_quicktune_to49_20260706_140730,trained_test,TUWIEN,test,35,16433,2.0,166,0.0026594219146794875,0.0319479096939086,background_confusion
sat_for_quicktune_to49_20260706_140730,trained_test,TUWIEN,test,36,4683,2.0,131,0.0,0.0,background_confusion
