run_id,split,site,plot_name,reference_id,point_count,best_prediction_id,best_iou,overlapping_prediction_count,failure_mode
sat_for_quicktune_to49_20260706_140730,trained_validation,NIBIO,plot_11_annotated,18,5778,20,0.42111411257939696,1,near_miss
sat_for_quicktune_to49_20260706_140730,trained_validation,NIBIO,plot_11_annotated,21,3481,43,0.0158405472989836,0,missed_tree
sat_for_quicktune_to49_20260706_140730,trained_validation,NIBIO,plot_19_annotated,7,69102,27,0.4855110622077259,1,near_miss
sat_for_quicktune_to49_20260706_140730,trained_validation,NIBIO,plot_19_annotated,15,14170,37,0.0653209550181699,0,missed_tree
sat_for_quicktune_to49_20260706_140730,trained_validation,NIBIO,plot_19_annotated,18,27843,45,0.2731657960374606,1,near_miss
sat_for_quicktune_to49_20260706_140730,trained_validation,NIBIO,plot_19_annotated,20,20953,44,0.19091363695293834,1,missed_tree
sat_for_quicktune_to49_20260706_140730,trained_validation,NIBIO,plot_19_annotated,21,20318,42,0.38830584707646176,1,near_miss
sat_for_quicktune_to49_20260706_140730,trained_validation,NIBIO,plot_19_annotated,24,10506,51,0.23024777933613838,1,missed_tree
sat_for_quicktune_to49_20260706_140730,trained_validation,NIBIO,plot_19_annotated,25,44899,27,0.36407353148097565,1,near_miss
sat_for_quicktune_to49_20260706_140730,trained_validation,NIBIO,plot_19_annotated,26,19316,31,0.08007213080644322,0,missed_tree
sat_for_quicktune_to49_20260706_140730,trained_validation,NIBIO,plot_19_annotated,27,3950,29,0.052665988667732096,0,missed_tree
sat_for_quicktune_to49_20260706_140730,trained_validation,NIBIO,plot_19_annotated,28,6808,29,0.035614592357300995,0,missed_tree
sat_for_quicktune_to49_20260706_140730,trained_validation,NIBIO,plot_19_annotated,30,779,31,0.005718783786346996,0,missed_tree
sat_for_quicktune_to49_20260706_140730,trained_validation,NIBIO,plot_2_annotated,11,48257,3,4.9201567889963426e-05,0,missed_tree
sat_for_quicktune_to49_20260706_140730,trained_validation,NIBIO,plot_2_annotated,13,1844,8,0.03286292033145734,0,missed_tree
sat_for_quicktune_to49_20260706_140730,trained_validation,NIBIO,plot_2_annotated,15,3167,15,0.23090858416945373,1,missed_tree
sat_for_quicktune_to49_20260706_140730,trained_validation,NIBIO,plot_2_annotated,19,1747,38,0.011747150986731425,0,missed_tree
sat_for_quicktune_to49_20260706_140730,trained_validation,NIBIO,plot_2_annotated,20,4724,36,0.03319112438723225,0,missed_tree
sat_for_quicktune_to49_20260706_140730,trained_validation,NIBIO,plot_2_annotated,21,3075,36,0.020417664272412876,0,missed_tree
sat_for_quicktune_to49_20260706_140730,trained_validation,NIBIO,plot_2_annotated,24,54774,20,0.08228809666819772,0,missed_tree
sat_for_quicktune_to49_20260706_140730,trained_validation,NIBIO,plot_2_annotated,25,7617,36,0.0337007805535625,0,missed_tree
sat_for_quicktune_to49_20260706_140730,trained_validation,NIBIO,plot_2_annotated,27,8951,37,0.08643239641684969,0,missed_tree
sat_for_quicktune_to49_20260706_140730,trained_validation,NIBIO,plot_2_annotated,28,4503,20,0.029761021226065013,0,missed_tree
sat_for_quicktune_to49_20260706_140730,trained_validation,NIBIO,plot_2_annotated,29,3350,21,0.06317978246960973,0,missed_tree
sat_for_quicktune_to49_20260706_140730,trained_validation,NIBIO,plot_2_annotated,34,5010,21,0.02773812922257113,0,missed_tree
sat_for_quicktune_to49_20260706_140730,trained_validation,NIBIO,plot_2_annotated,35,5661,23,0.07619236812164773,0,missed_tree
sat_for_quicktune_to49_20260706_140730,trained_validation,NIBIO,plot_2_annotated,38,524,12,0.03583705112265048,0,missed_tree
sat_for_quicktune_to49_20260706_140730,trained_validation,NIBIO,plot_2_annotated,41,1802,16,0.22754956589348194,1,missed_tree
sat_for_quicktune_to49_20260706_140730,trained_validation,TUWIEN,train,2,53741,20,0.44750388624143117,1,near_miss
sat_for_quicktune_to49_20260706_140730,trained_validation,TUWIEN,train,3,33187,21,0.30006814098990275,1,near_miss
sat_for_quicktune_to49_20260706_140730,trained_validation,TUWIEN,train,4,1415,39,0.08252245508982035,0,missed_tree
sat_for_quicktune_to49_20260706_140730,trained_validation,TUWIEN,train,5,8066,52,0.06619262342467337,0,missed_tree
sat_for_quicktune_to49_20260706_140730,trained_validation,TUWIEN,train,7,474,39,0.01906003600918855,0,missed_tree
sat_for_quicktune_to49_20260706_140730,trained_validation,TUWIEN,train,8,77697,52,0.11380335124881441,1,missed_tree
sat_for_quicktune_to49_20260706_140730,trained_validation,TUWIEN,train,10,74316,41,0.39676567185491934,2,near_miss
sat_for_quicktune_to49_20260706_140730,trained_validation,TUWIEN,train,11,328584,23,0.24925564480259543,3,fragmented
sat_for_quicktune_to49_20260706_140730,trained_validation,TUWIEN,train,12,13815,23,0.09256399237194811,0,missed_tree
sat_for_quicktune_to49_20260706_140730,trained_validation,TUWIEN,train,13,49165,41,0.38570081607438955,1,near_miss
sat_for_quicktune_to49_20260706_140730,trained_validation,TUWIEN,train,14,223576,43,0.20810487996771418,4,fragmented
sat_for_quicktune_to49_20260706_140730,trained_validation,TUWIEN,train,16,314,44,0.006664824918847987,0,missed_tree
sat_for_quicktune_to49_20260706_140730,trained_validation,TUWIEN,train,18,44973,46,0.21038023868998057,2,fragmented
sat_for_quicktune_to49_20260706_140730,trained_validation,TUWIEN,train,19,30752,42,0.4695547887561017,1,near_miss
sat_for_quicktune_to49_20260706_140730,trained_validation,TUWIEN,train,20,641,64,0.003356509230400384,0,missed_tree
sat_for_quicktune_to49_20260706_140730,trained_validation,TUWIEN,train,21,1380,42,0.02279447069823861,0,missed_tree
sat_for_quicktune_to49_20260706_140730,trained_validation,TUWIEN,train,22,14968,44,0.021548004943914553,0,missed_tree
sat_for_quicktune_to49_20260706_140730,trained_validation,TUWIEN,train,23,60025,47,0.039759557585958165,0,missed_tree
sat_for_quicktune_to49_20260706_140730,trained_validation,TUWIEN,train,24,862,1,0.0,0,missed_tree
sat_for_quicktune_to49_20260706_140730,trained_validation,TUWIEN,train,25,801,42,0.009667948977525815,0,missed_tree
sat_for_quicktune_to49_20260706_140730,trained_validation,TUWIEN,train,26,13451,1,0.0,0,missed_tree
sat_for_quicktune_to49_20260706_140730,trained_validation,TUWIEN,train,27,1005,1,0.0,0,missed_tree
sat_for_quicktune_to49_20260706_140730,trained_validation,TUWIEN,train,28,8458,15,0.029380374151714694,0,missed_tree
sat_for_quicktune_to49_20260706_140730,trained_validation,TUWIEN,train,29,6700,15,0.1414828176310069,1,missed_tree
sat_for_quicktune_to49_20260706_140730,trained_validation,TUWIEN,train,30,2536,46,0.1483808603189947,1,missed_tree
sat_for_quicktune_to49_20260706_140730,trained_validation,TUWIEN,train,32,421035,33,0.18839436914095437,3,fragmented
sat_for_quicktune_to49_20260706_140730,trained_validation,TUWIEN,train,33,256719,5,0.4810890788274304,1,near_miss
sat_for_quicktune_to49_20260706_140730,trained_validation,TUWIEN,train,34,258698,11,0.36264591439688715,4,near_miss
sat_for_quicktune_to49_20260706_140730,trained_validation,TUWIEN,train,35,182887,18,0.20634807807972005,3,fragmented
sat_for_quicktune_to49_20260706_140730,trained_validation,TUWIEN,train,36,336260,13,0.2101672197357078,3,fragmented
sat_for_quicktune_to49_20260706_140730,trained_validation,TUWIEN,train,37,292958,31,0.18581520821120198,2,fragmented
sat_for_quicktune_to49_20260706_140730,trained_validation,TUWIEN,train,40,19962,43,0.2458190610517832,1,missed_tree
sat_for_quicktune_to49_20260706_140730,trained_validation,TUWIEN,train,41,144,78,0.0018183998081688114,0,missed_tree
sat_for_quicktune_to49_20260706_140730,trained_validation,TUWIEN,train,47,20762,73,0.19752790686532842,1,missed_tree
sat_for_quicktune_to49_20260706_140730,trained_validation,TUWIEN,train,48,680,66,0.008254408254408254,0,missed_tree
sat_for_quicktune_to49_20260706_140730,trained_validation,TUWIEN,train,49,232,66,0.0010777023386140748,0,missed_tree
sat_for_quicktune_to49_20260706_140730,trained_validation,TUWIEN,train,52,119,76,0.003012696363245104,0,missed_tree
sat_for_quicktune_to49_20260706_140730,trained_validation,TUWIEN,train,57,1191,1,0.0,0,missed_tree
sat_for_quicktune_to49_20260706_140730,trained_validation,TUWIEN,train,59,999,85,0.022679405390555844,0,missed_tree
sat_for_quicktune_to49_20260706_140730,trained_validation,TUWIEN,train,60,62437,85,0.02719954991993768,0,missed_tree
sat_for_quicktune_to49_20260706_140730,trained_validation,TUWIEN,train,61,1955,85,0.004635433369289525,0,missed_tree
sat_for_quicktune_to49_20260706_140730,trained_validation,TUWIEN,train,62,46350,86,0.18740275098027012,1,missed_tree
sat_for_quicktune_to49_20260706_140730,trained_validation,TUWIEN,train,63,46986,86,0.20819865983445013,2,fragmented
sat_for_quicktune_to49_20260706_140730,trained_validation,TUWIEN,train,64,172,1,0.0,0,missed_tree
sat_for_quicktune_to49_20260706_140730,trained_validation,TUWIEN,train,65,51807,86,0.30072490599261104,2,near_miss
sat_for_quicktune_to49_20260706_140730,trained_validation,TUWIEN,train,66,1909,86,9.243681943391692e-06,0,missed_tree
sat_for_quicktune_to49_20260706_140730,trained_validation,TUWIEN,train,67,15725,80,0.19446243822990505,1,missed_tree
sat_for_quicktune_to49_20260706_140730,trained_validation,TUWIEN,train,69,10062,86,0.07079018822771412,0,missed_tree
sat_for_quicktune_to49_20260706_140730,trained_validation,TUWIEN,train,70,11859,80,0.14516524791906532,1,missed_tree
sat_for_quicktune_to49_20260706_140730,trained_validation,TUWIEN,train,72,2609,1,0.0,0,missed_tree
sat_for_quicktune_to49_20260706_140730,trained_validation,TUWIEN,train,73,6954,86,0.0012733896926178769,0,missed_tree
sat_for_quicktune_to49_20260706_140730,trained_validation,TUWIEN,train,74,6010,63,0.06143505356504057,0,missed_tree
sat_for_quicktune_to49_20260706_140730,trained_validation,TUWIEN,train,75,2602,64,0.05886643810635349,0,missed_tree
sat_for_quicktune_to49_20260706_140730,trained_validation,TUWIEN,train,76,9820,64,0.4108406361570919,1,near_miss
sat_for_quicktune_to49_20260706_140730,trained_validation,TUWIEN,train,77,119,64,0.0011648223645894002,0,missed_tree
sat_for_quicktune_to49_20260706_140730,trained_validation,TUWIEN,train,81,1340,85,0.002072538860103627,0,missed_tree
sat_for_quicktune_to49_20260706_140730,trained_validation,TUWIEN,train,82,12374,85,0.00031204725286972026,0,missed_tree
sat_for_quicktune_to49_20260706_140730,trained_validation,TUWIEN,train,83,23877,84,0.12313666541400475,1,missed_tree
sat_for_quicktune_to49_20260706_140730,trained_validation,TUWIEN,train,84,56079,98,0.19173396911784898,1,missed_tree
sat_for_quicktune_to49_20260706_140730,trained_validation,TUWIEN,train,85,28756,98,0.4758316008316008,1,near_miss
sat_for_quicktune_to49_20260706_140730,trained_validation,TUWIEN,train,86,22579,108,0.12010086335019955,2,fragmented
sat_for_quicktune_to49_20260706_140730,trained_validation,TUWIEN,train,87,30410,105,0.08183327560052078,0,missed_tree
sat_for_quicktune_to49_20260706_140730,trained_validation,TUWIEN,train,88,9640,106,0.03429661320944557,0,missed_tree
sat_for_quicktune_to49_20260706_140730,trained_validation,TUWIEN,train,89,3195,106,0.02339379400642757,0,missed_tree
sat_for_quicktune_to49_20260706_140730,trained_validation,TUWIEN,train,91,63313,113,0.48908871454435726,1,near_miss
sat_for_quicktune_to49_20260706_140730,trained_validation,TUWIEN,train,92,30789,106,0.027053318103098863,0,missed_tree
sat_for_quicktune_to49_20260706_140730,trained_validation,TUWIEN,train,93,36509,97,0.1788318506635555,2,fragmented
sat_for_quicktune_to49_20260706_140730,trained_validation,TUWIEN,train,94,926,113,0.008350005787132724,0,missed_tree
sat_for_quicktune_to49_20260706_140730,trained_validation,TUWIEN,train,95,671,108,0.014851930076843572,0,missed_tree
sat_for_quicktune_to49_20260706_140730,trained_validation,TUWIEN,train,96,2870,117,0.03957051687460473,0,missed_tree
sat_for_quicktune_to49_20260706_140730,trained_validation,TUWIEN,train,97,354,109,0.02627986348122867,0,missed_tree
sat_for_quicktune_to49_20260706_140730,trained_validation,TUWIEN,train,98,1221,108,0.019967872919548435,0,missed_tree
sat_for_quicktune_to49_20260706_140730,trained_validation,TUWIEN,train,100,932,109,0.31414956011730205,1,near_miss
sat_for_quicktune_to49_20260706_140730,trained_validation,TUWIEN,train,101,61578,97,0.4887150909250357,1,near_miss
sat_for_quicktune_to49_20260706_140730,trained_validation,TUWIEN,train,102,7740,119,0.21619469639271618,1,missed_tree
sat_for_quicktune_to49_20260706_140730,trained_validation,TUWIEN,train,104,229,119,0.008102781224906928,0,missed_tree
sat_for_quicktune_to49_20260706_140730,trained_validation,TUWIEN,train,105,841,119,0.03021456721646475,0,missed_tree
sat_for_quicktune_to49_20260706_140730,trained_validation,TUWIEN,train,106,1361,119,0.04941966566902694,0,missed_tree
sat_for_quicktune_to49_20260706_140730,trained_validation,TUWIEN,train,107,64835,121,0.17085397637887717,2,fragmented
sat_for_quicktune_to49_20260706_140730,trained_validation,TUWIEN,train,108,18989,100,0.1933852533630019,1,missed_tree
sat_for_quicktune_to49_20260706_140730,trained_validation,TUWIEN,train,109,2349,121,0.05527851759505865,0,missed_tree
sat_for_quicktune_to49_20260706_140730,trained_validation,TUWIEN,train,110,3084,121,0.051087618309625285,0,missed_tree
sat_for_quicktune_to49_20260706_140730,trained_validation,TUWIEN,train,111,15174,121,0.3267793735757062,1,near_miss
sat_for_quicktune_to49_20260706_140730,trained_validation,TUWIEN,train,112,725,97,0.00011917436003368661,0,missed_tree
sat_for_quicktune_to49_20260706_140730,trained_validation,TUWIEN,train,113,1410,99,0.019500478352026382,0,missed_tree
sat_for_quicktune_to49_20260706_140730,trained_validation,TUWIEN,train,114,249,99,0.0029725906640152523,0,missed_tree
sat_for_quicktune_to49_20260706_140730,trained_validation,TUWIEN,train,115,17464,99,0.2542478950163089,2,near_miss
sat_for_quicktune_to49_20260706_140730,trained_validation,TUWIEN,train,116,9571,99,0.17476452673403117,1,missed_tree
sat_for_quicktune_to49_20260706_140730,trained_validation,TUWIEN,train,117,46245,90,0.27163458451581424,1,near_miss
sat_for_quicktune_to49_20260706_140730,trained_validation,TUWIEN,train,119,22396,99,0.21876393318928558,1,missed_tree
sat_for_quicktune_to49_20260706_140730,trained_validation,TUWIEN,train,122,2955,85,0.08773006134969324,0,missed_tree
sat_for_quicktune_to49_20260706_140730,trained_validation,TUWIEN,train,123,7981,85,0.06474857984430886,0,missed_tree
sat_for_quicktune_to49_20260706_140730,trained_validation,TUWIEN,train,124,2146,82,0.004959034066407934,0,missed_tree
sat_for_quicktune_to49_20260706_140730,trained_validation,TUWIEN,train,128,2230,94,0.06452205882352942,0,missed_tree
sat_for_quicktune_to49_20260706_140730,trained_validation,TUWIEN,train,129,1490,87,0.002377784079753932,0,missed_tree
sat_for_quicktune_to49_20260706_140730,trained_test,NIBIO,plot_17_annotated,12,47149,27,0.3103854454813509,1,near_miss
sat_for_quicktune_to49_20260706_140730,trained_test,NIBIO,plot_17_annotated,18,49219,5,0.49860679455578183,1,near_miss
sat_for_quicktune_to49_20260706_140730,trained_test,NIBIO,plot_17_annotated,19,43907,5,0.21279300396682294,2,fragmented
sat_for_quicktune_to49_20260706_140730,trained_test,NIBIO,plot_17_annotated,30,566,56,0.005169502779200577,0,missed_tree
sat_for_quicktune_to49_20260706_140730,trained_test,NIBIO,plot_18_annotated,16,6902,7,0.26225319396051106,1,near_miss
sat_for_quicktune_to49_20260706_140730,trained_test,NIBIO,plot_18_annotated,22,4370,4,0.02318709109901589,0,missed_tree
sat_for_quicktune_to49_20260706_140730,trained_test,NIBIO,plot_18_annotated,25,14362,22,0.07709436277294313,0,missed_tree
sat_for_quicktune_to49_20260706_140730,trained_test,NIBIO,plot_18_annotated,27,8509,48,0.045710116853876055,0,missed_tree
sat_for_quicktune_to49_20260706_140730,trained_test,NIBIO,plot_18_annotated,28,10960,38,0.32974452554744527,2,near_miss
sat_for_quicktune_to49_20260706_140730,trained_test,NIBIO,plot_1_annotated,7,42888,36,0.49981421328315095,1,near_miss
sat_for_quicktune_to49_20260706_140730,trained_test,NIBIO,plot_1_annotated,9,17892,40,0.09755589767752752,0,missed_tree
sat_for_quicktune_to49_20260706_140730,trained_test,NIBIO,plot_1_annotated,14,6288,24,0.027515693718753523,0,missed_tree
sat_for_quicktune_to49_20260706_140730,trained_test,NIBIO,plot_1_annotated,15,1049,24,0.0365436036965802,0,missed_tree
sat_for_quicktune_to49_20260706_140730,trained_test,NIBIO,plot_1_annotated,16,1110,24,0.025834529376360018,0,missed_tree
sat_for_quicktune_to49_20260706_140730,trained_test,NIBIO,plot_1_annotated,17,368,24,0.01598823417781573,0,missed_tree
sat_for_quicktune_to49_20260706_140730,trained_test,NIBIO,plot_1_annotated,18,988,24,0.029913531198878244,0,missed_tree
sat_for_quicktune_to49_20260706_140730,trained_test,NIBIO,plot_1_annotated,21,2449,22,0.04613571928274237,0,missed_tree
sat_for_quicktune_to49_20260706_140730,trained_test,NIBIO,plot_1_annotated,22,50561,22,0.3847740721304356,2,near_miss
sat_for_quicktune_to49_20260706_140730,trained_test,NIBIO,plot_1_annotated,23,1359,26,0.01234094440183295,0,missed_tree
sat_for_quicktune_to49_20260706_140730,trained_test,NIBIO,plot_1_annotated,25,9499,28,0.051677425537290156,0,missed_tree
sat_for_quicktune_to49_20260706_140730,trained_test,NIBIO,plot_1_annotated,26,12790,36,0.1336442912188197,1,missed_tree
sat_for_quicktune_to49_20260706_140730,trained_test,NIBIO,plot_1_annotated,29,2876,41,0.031721906256128654,0,missed_tree
sat_for_quicktune_to49_20260706_140730,trained_test,NIBIO,plot_1_annotated,30,31776,53,0.07747951740588378,0,missed_tree
sat_for_quicktune_to49_20260706_140730,trained_test,NIBIO,plot_1_annotated,32,2632,23,0.005466074617817175,0,missed_tree
sat_for_quicktune_to49_20260706_140730,trained_test,NIBIO,plot_1_annotated,35,8727,4,0.039284035719880935,0,missed_tree
sat_for_quicktune_to49_20260706_140730,trained_test,NIBIO,plot_1_annotated,36,29431,20,0.1528979404333512,1,missed_tree
sat_for_quicktune_to49_20260706_140730,trained_test,NIBIO,plot_22_annotated,11,262160,3,0.026653940824835486,0,missed_tree
sat_for_quicktune_to49_20260706_140730,trained_test,NIBIO,plot_22_annotated,16,3800,30,0.02406306539157405,0,missed_tree
sat_for_quicktune_to49_20260706_140730,trained_test,NIBIO,plot_22_annotated,18,13984,14,0.08908161563441219,0,missed_tree
sat_for_quicktune_to49_20260706_140730,trained_test,NIBIO,plot_23_annotated,13,47850,45,0.2483976523139251,1,missed_tree
sat_for_quicktune_to49_20260706_140730,trained_test,NIBIO,plot_23_annotated,15,1200,36,0.009937921295926251,0,missed_tree
sat_for_quicktune_to49_20260706_140730,trained_test,NIBIO,plot_23_annotated,16,4289,43,0.48465266558966075,1,near_miss
sat_for_quicktune_to49_20260706_140730,trained_test,NIBIO,plot_23_annotated,23,10701,26,0.028387709619670454,0,missed_tree
sat_for_quicktune_to49_20260706_140730,trained_test,NIBIO,plot_23_annotated,24,1415,4,0.00024052554832308594,0,missed_tree
sat_for_quicktune_to49_20260706_140730,trained_test,NIBIO,plot_23_annotated,26,4392,8,0.1601759330429584,1,missed_tree
sat_for_quicktune_to49_20260706_140730,trained_test,NIBIO,plot_23_annotated,27,19936,28,0.054897145759775126,0,missed_tree
sat_for_quicktune_to49_20260706_140730,trained_test,NIBIO,plot_23_annotated,28,1849,28,0.005725118959434519,0,missed_tree
sat_for_quicktune_to49_20260706_140730,trained_test,NIBIO,plot_23_annotated,29,39488,48,0.22314328179826243,1,missed_tree
sat_for_quicktune_to49_20260706_140730,trained_test,NIBIO,plot_5_annotated,3,57489,27,0.17787053638892178,1,missed_tree
sat_for_quicktune_to49_20260706_140730,trained_test,NIBIO,plot_5_annotated,4,66635,21,0.23062388094748892,1,missed_tree
sat_for_quicktune_to49_20260706_140730,trained_test,NIBIO,plot_5_annotated,13,25948,27,0.06035148267562781,0,missed_tree
sat_for_quicktune_to49_20260706_140730,trained_test,NIBIO,plot_5_annotated,14,22586,24,0.02719439956919763,0,missed_tree
sat_for_quicktune_to49_20260706_140730,trained_test,NIBIO,plot_5_annotated,15,71557,24,0.1731106567788921,1,missed_tree
sat_for_quicktune_to49_20260706_140730,trained_test,NIBIO,plot_5_annotated,16,11864,25,0.045527902828505905,0,missed_tree
sat_for_quicktune_to49_20260706_140730,trained_test,NIBIO,plot_5_annotated,17,41515,25,0.24343229530985752,1,missed_tree
sat_for_quicktune_to49_20260706_140730,trained_test,NIBIO,plot_5_annotated,19,21648,10,0.1295280544855477,1,missed_tree
sat_for_quicktune_to49_20260706_140730,trained_test,RMIT,test,2,15654,29,0.49200829673011226,2,near_miss
sat_for_quicktune_to49_20260706_140730,trained_test,RMIT,test,3,563,12,0.021384928716904276,0,missed_tree
sat_for_quicktune_to49_20260706_140730,trained_test,RMIT,test,70,561,6,0.04658619388909845,0,missed_tree
sat_for_quicktune_to49_20260706_140730,trained_test,RMIT,test,71,7110,6,0.4311085881112643,1,near_miss
sat_for_quicktune_to49_20260706_140730,trained_test,RMIT,test,85,1982,15,0.12297540491901619,3,fragmented
sat_for_quicktune_to49_20260706_140730,trained_test,RMIT,test,91,973,14,0.16819647730091788,1,missed_tree
sat_for_quicktune_to49_20260706_140730,trained_test,RMIT,test,94,2762,30,0.41211025756891095,1,near_miss
sat_for_quicktune_to49_20260706_140730,trained_test,RMIT,test,99,3012,28,0.48719837907533614,1,near_miss
sat_for_quicktune_to49_20260706_140730,trained_test,RMIT,test,100,2808,23,0.10237410602374106,1,missed_tree
sat_for_quicktune_to49_20260706_140730,trained_test,RMIT,test,103,2165,30,0.296794208893485,1,near_miss
sat_for_quicktune_to49_20260706_140730,trained_test,RMIT,test,105,2490,31,0.3325151057401813,1,near_miss
sat_for_quicktune_to49_20260706_140730,trained_test,RMIT,test,107,2117,46,0.020567560531111688,0,missed_tree
sat_for_quicktune_to49_20260706_140730,trained_test,RMIT,test,142,1091,31,0.12507456750845097,1,missed_tree
sat_for_quicktune_to49_20260706_140730,trained_test,RMIT,test,143,413,30,0.06004828002414001,0,missed_tree
sat_for_quicktune_to49_20260706_140730,trained_test,RMIT,test,144,457,30,0.06813718084302765,0,missed_tree
sat_for_quicktune_to49_20260706_140730,trained_test,RMIT,test,164,124,5,0.32320441988950277,1,near_miss
sat_for_quicktune_to49_20260706_140730,trained_test,RMIT,test,168,250,35,0.03142939150401837,0,missed_tree
sat_for_quicktune_to49_20260706_140730,trained_test,RMIT,test,169,307,35,0.00919476177208136,0,missed_tree
sat_for_quicktune_to49_20260706_140730,trained_test,RMIT,test,170,699,35,0.07822648969217735,0,missed_tree
sat_for_quicktune_to49_20260706_140730,trained_test,RMIT,test,171,1115,16,0.020739404869251576,0,missed_tree
sat_for_quicktune_to49_20260706_140730,trained_test,RMIT,test,173,111,14,0.01316829075585989,0,missed_tree
sat_for_quicktune_to49_20260706_140730,trained_test,RMIT,test,178,191,25,0.006607929515418502,0,missed_tree
sat_for_quicktune_to49_20260706_140730,trained_test,RMIT,test,183,381,41,0.0959711758925647,0,missed_tree
sat_for_quicktune_to49_20260706_140730,trained_test,RMIT,test,186,689,38,0.37919647771051185,1,near_miss
sat_for_quicktune_to49_20260706_140730,trained_test,RMIT,test,189,802,1,0.0,0,missed_tree
sat_for_quicktune_to49_20260706_140730,trained_test,RMIT,test,190,188,39,0.0006729475100942127,0,missed_tree
sat_for_quicktune_to49_20260706_140730,trained_test,RMIT,test,194,212,39,0.16052227342549924,1,missed_tree
sat_for_quicktune_to49_20260706_140730,trained_test,RMIT,test,195,64,42,0.026836779586449627,0,missed_tree
sat_for_quicktune_to49_20260706_140730,trained_test,RMIT,test,196,578,39,0.44384615384615383,1,near_miss
sat_for_quicktune_to49_20260706_140730,trained_test,RMIT,test,199,38,28,0.003147128245476003,0,missed_tree
sat_for_quicktune_to49_20260706_140730,trained_test,RMIT,test,201,248,37,0.002127659574468085,0,missed_tree
sat_for_quicktune_to49_20260706_140730,trained_test,RMIT,test,202,160,26,0.4948805460750853,1,near_miss
sat_for_quicktune_to49_20260706_140730,trained_test,RMIT,test,203,146,26,0.358974358974359,1,near_miss
sat_for_quicktune_to49_20260706_140730,trained_test,RMIT,test,205,1748,23,0.06361088575853677,0,missed_tree
sat_for_quicktune_to49_20260706_140730,trained_test,RMIT,test,206,1715,28,0.20031880977683317,1,missed_tree
sat_for_quicktune_to49_20260706_140730,trained_test,RMIT,test,207,1656,45,0.21144182450715113,2,fragmented
sat_for_quicktune_to49_20260706_140730,trained_test,RMIT,test,208,55,45,0.008209116439835818,0,missed_tree
sat_for_quicktune_to49_20260706_140730,trained_test,RMIT,test,210,1257,36,0.4195056780227121,1,near_miss
sat_for_quicktune_to49_20260706_140730,trained_test,RMIT,test,211,1718,45,0.3710201429499675,1,near_miss
sat_for_quicktune_to49_20260706_140730,trained_test,RMIT,test,212,1623,45,0.22857142857142856,1,missed_tree
sat_for_quicktune_to49_20260706_140730,trained_test,RMIT,test,213,1639,31,0.33952082883660695,1,near_miss
sat_for_quicktune_to49_20260706_140730,trained_test,RMIT,test,218,137,47,0.03260025873221216,0,missed_tree
sat_for_quicktune_to49_20260706_140730,trained_test,RMIT,test,222,100,1,0.0,0,missed_tree
sat_for_quicktune_to49_20260706_140730,trained_test,SCION,plot_31_annotated,9,118423,4,0.014332517504182416,0,missed_tree
sat_for_quicktune_to49_20260706_140730,trained_test,SCION,plot_31_annotated,11,16495,5,0.29912128012079775,1,near_miss
sat_for_quicktune_to49_20260706_140730,trained_test,SCION,plot_31_annotated,12,20206,5,0.4068050823852071,1,near_miss
sat_for_quicktune_to49_20260706_140730,trained_test,SCION,plot_31_annotated,24,7904,20,0.23345159040601596,1,missed_tree
sat_for_quicktune_to49_20260706_140730,trained_test,SCION,plot_61_annotated,8,6882,10,0.045645151582030856,0,missed_tree
sat_for_quicktune_to49_20260706_140730,trained_test,SCION,plot_61_annotated,12,127792,2,0.007654001384282106,0,missed_tree
sat_for_quicktune_to49_20260706_140730,trained_test,SCION,plot_61_annotated,13,29509,1,0.1206819786555612,1,missed_tree
sat_for_quicktune_to49_20260706_140730,trained_test,SCION,plot_61_annotated,20,2832,20,0.2539069681926825,1,near_miss
sat_for_quicktune_to49_20260706_140730,trained_test,TUWIEN,test,133,3589,19,0.08055005401512423,0,missed_tree
sat_for_quicktune_to49_20260706_140730,trained_test,TUWIEN,test,134,6811,19,0.035993771864194286,0,missed_tree
sat_for_quicktune_to49_20260706_140730,trained_test,TUWIEN,test,135,6308,10,0.2561455260570305,1,near_miss
sat_for_quicktune_to49_20260706_140730,trained_test,TUWIEN,test,136,17577,10,0.08525947974634399,0,missed_tree
sat_for_quicktune_to49_20260706_140730,trained_test,TUWIEN,test,137,15867,19,0.08935024573576178,0,missed_tree
sat_for_quicktune_to49_20260706_140730,trained_test,TUWIEN,test,138,7451,11,0.1439237152086033,1,missed_tree
sat_for_quicktune_to49_20260706_140730,trained_test,TUWIEN,test,141,10523,11,0.06421484775915155,0,missed_tree
sat_for_quicktune_to49_20260706_140730,trained_test,TUWIEN,test,142,630,13,0.0036247465749216687,0,missed_tree
sat_for_quicktune_to49_20260706_140730,trained_test,TUWIEN,test,144,6587,22,0.008719706536773108,0,missed_tree
sat_for_quicktune_to49_20260706_140730,trained_test,TUWIEN,test,145,15555,22,0.0680265273311897,0,missed_tree
sat_for_quicktune_to49_20260706_140730,trained_test,TUWIEN,test,146,13356,12,0.009900243736965098,0,missed_tree
sat_for_quicktune_to49_20260706_140730,trained_test,TUWIEN,test,148,67006,10,0.14756940082904157,1,missed_tree
sat_for_quicktune_to49_20260706_140730,trained_test,TUWIEN,test,149,112279,7,0.34342837473466814,1,near_miss
sat_for_quicktune_to49_20260706_140730,trained_test,TUWIEN,test,150,251454,14,0.27662507986683255,1,near_miss
sat_for_quicktune_to49_20260706_140730,trained_test,TUWIEN,test,151,601,14,0.0038911366098472286,0,missed_tree
sat_for_quicktune_to49_20260706_140730,trained_test,TUWIEN,test,152,4101,14,0.002807017543859649,0,missed_tree
sat_for_quicktune_to49_20260706_140730,trained_test,TUWIEN,test,153,8145,14,0.06596872256722047,0,missed_tree
sat_for_quicktune_to49_20260706_140730,trained_test,TUWIEN,test,154,10409,19,0.1400324351297405,1,missed_tree
sat_for_quicktune_to49_20260706_140730,trained_test,TUWIEN,test,155,730,1,0.0,0,missed_tree
sat_for_quicktune_to49_20260706_140730,trained_test,TUWIEN,test,156,1237,28,0.0450993831391364,0,missed_tree
sat_for_quicktune_to49_20260706_140730,trained_test,TUWIEN,test,157,256,20,0.03612409689757756,0,missed_tree
sat_for_quicktune_to49_20260706_140730,trained_test,TUWIEN,test,158,1842,20,0.17059055635933185,1,missed_tree
sat_for_quicktune_to49_20260706_140730,trained_test,TUWIEN,test,161,9716,18,0.10030915931016501,1,missed_tree
sat_for_quicktune_to49_20260706_140730,trained_test,TUWIEN,test,163,3248,34,0.051944165742549855,0,missed_tree
sat_for_quicktune_to49_20260706_140730,trained_test,TUWIEN,test,165,11112,26,0.35750010872874355,1,near_miss
sat_for_quicktune_to49_20260706_140730,trained_test,TUWIEN,test,166,175848,31,0.4943992807102986,2,near_miss
sat_for_quicktune_to49_20260706_140730,trained_test,TUWIEN,test,167,8104,31,0.02414154219258116,0,missed_tree
